"CustomerID","Recency","Frequency","Monetary","Cluster","CustomerGroup"
12346,325,1,77183.6,4,"Regular Customers"
12347,1,7,4310,3,"High-Value Customers"
12348,74,4,1797.24,4,"Regular Customers"
12349,18,1,1757.55,2,"Occasional Customers"
12350,309,1,334.4,1,"Inactive Customers"
12352,35,8,2506.04,4,"Regular Customers"
12353,203,1,89,1,"Inactive Customers"
12354,231,1,1079.4,1,"Inactive Customers"
12355,213,1,459.4,1,"Inactive Customers"
12356,22,3,2811.43,4,"Regular Customers"
12357,32,1,6207.67,4,"Regular Customers"
12358,1,2,1168.06,2,"Occasional Customers"
12359,57,4,6372.58,4,"Regular Customers"
12360,51,3,2662.06,4,"Regular Customers"
12361,286,1,189.9,1,"Inactive Customers"
12362,2,10,5226.23,3,"High-Value Customers"
12363,109,2,552,1,"Inactive Customers"
12364,7,4,1313.1,2,"Occasional Customers"
12365,290,2,641.38,1,"Inactive Customers"
12367,3,1,168.9,2,"Occasional Customers"
12370,50,4,3545.69,4,"Regular Customers"
12371,44,2,1887.96,4,"Regular Customers"
12372,71,3,1298.04,4,"Regular Customers"
12373,310,1,364.6,1,"Inactive Customers"
12374,24,1,742.93,2,"Occasional Customers"
12375,10,2,457.5,2,"Occasional Customers"
12377,314,2,1628.12,4,"Regular Customers"
12378,129,1,4008.62,4,"Regular Customers"
12379,81,2,852.24,4,"Regular Customers"
12380,21,4,2724.81,4,"Regular Customers"
12381,4,5,1845.31,3,"High-Value Customers"
12383,184,5,1850.56,4,"Regular Customers"
12384,28,2,585.27,2,"Occasional Customers"
12386,337,2,401.9,1,"Inactive Customers"
12388,15,6,2780.66,3,"High-Value Customers"
12390,79,1,549.84,1,"Inactive Customers"
12391,21,1,460.89,2,"Occasional Customers"
12393,71,4,1582.6,4,"Regular Customers"
12394,63,2,1272.48,4,"Regular Customers"
12395,18,12,3018.63,3,"High-Value Customers"
12397,35,2,2409.9,4,"Regular Customers"
12398,45,1,1635.66,4,"Regular Customers"
12399,118,4,1108.65,4,"Regular Customers"
12401,302,1,84.3,1,"Inactive Customers"
12402,322,1,225.6,1,"Inactive Customers"
12403,49,1,427.7,1,"Inactive Customers"
12405,148,1,1710.39,1,"Inactive Customers"
12406,21,2,3415.3,4,"Regular Customers"
12407,49,5,1708.12,4,"Regular Customers"
12408,32,5,2888.55,4,"Regular Customers"
12409,78,3,11072.67,4,"Regular Customers"
12410,308,2,693.33,1,"Inactive Customers"
12412,74,3,1226.88,4,"Regular Customers"
12413,66,3,758.1,4,"Regular Customers"
12414,216,3,562.41,1,"Inactive Customers"
12415,23,21,124914.53,3,"High-Value Customers"
12417,2,9,3649.1,3,"High-Value Customers"
12418,112,1,668.58,1,"Inactive Customers"
12420,63,1,600.39,1,"Inactive Customers"
12421,15,4,807.04,2,"Occasional Customers"
12422,95,3,803.56,4,"Regular Customers"
12423,0,8,1859.31,3,"High-Value Customers"
12424,162,2,1760.96,4,"Regular Customers"
12425,77,1,777.2,1,"Inactive Customers"
12426,194,1,582.73,1,"Inactive Customers"
12427,21,3,825.8,2,"Occasional Customers"
12428,25,9,7956.46,3,"High-Value Customers"
12429,8,4,3750.4,3,"High-Value Customers"
12430,42,1,256.4,1,"Inactive Customers"
12431,35,15,6487.45,3,"High-Value Customers"
12432,42,5,5059.32,4,"Regular Customers"
12433,0,7,13375.87,3,"High-Value Customers"
12434,84,2,806.14,4,"Regular Customers"
12435,79,2,7829.89,4,"Regular Customers"
12436,99,1,509.01,1,"Inactive Customers"
12437,1,18,4951.41,3,"High-Value Customers"
12438,13,2,2906.85,4,"Regular Customers"
12441,366,1,173.55,1,"Inactive Customers"
12442,2,1,172.06,2,"Occasional Customers"
12444,20,5,5005.46,4,"Regular Customers"
12445,21,1,133.4,2,"Occasional Customers"
12446,57,1,1002.31,1,"Inactive Customers"
12447,242,1,476.49,1,"Inactive Customers"
12448,43,1,449.45,1,"Inactive Customers"
12449,21,4,4067.29,4,"Regular Customers"
12450,155,2,197.88,1,"Inactive Customers"
12451,10,5,9035.52,3,"High-Value Customers"
12452,16,2,430.57,2,"Occasional Customers"
12453,133,1,707.09,1,"Inactive Customers"
12454,55,1,3528.34,4,"Regular Customers"
12455,72,6,2466.86,4,"Regular Customers"
12456,43,3,3181.04,4,"Regular Customers"
12457,65,7,2363.23,4,"Regular Customers"
12458,70,2,947.4,4,"Regular Customers"
12461,93,2,826.88,4,"Regular Customers"
12462,18,2,1189.59,2,"Occasional Customers"
12463,52,4,1344.78,4,"Regular Customers"
12464,9,8,1212.05,3,"High-Value Customers"
12465,16,2,742.19,2,"Occasional Customers"
12468,187,2,729.54,1,"Inactive Customers"
12471,1,30,19824.05,3,"High-Value Customers"
12472,31,7,6572.11,3,"High-Value Customers"
12473,28,5,3938.55,4,"Regular Customers"
12474,16,18,7375.79,3,"High-Value Customers"
12475,53,1,723.38,1,"Inactive Customers"
12476,15,11,6816.42,3,"High-Value Customers"
12477,22,6,13219.74,3,"High-Value Customers"
12478,3,1,680.99,2,"Occasional Customers"
12479,10,1,527.2,2,"Occasional Customers"
12480,27,4,3281.63,4,"Regular Customers"
12481,22,10,5596.32,3,"High-Value Customers"
12483,16,8,2484.98,3,"High-Value Customers"
12484,32,6,4541.72,4,"Regular Customers"
12488,9,3,1298.66,2,"Occasional Customers"
12489,335,1,334.93,1,"Inactive Customers"
12490,4,10,5417.93,3,"High-Value Customers"
12491,38,1,460.4,2,"Occasional Customers"
12492,62,2,263.21,1,"Inactive Customers"
12493,165,2,433.74,1,"Inactive Customers"
12494,15,7,1246.1,4,"Regular Customers"
12497,81,1,1043.1,1,"Inactive Customers"
12498,20,3,403.7,2,"Occasional Customers"
12500,22,11,4257.82,3,"High-Value Customers"
12501,336,1,2169.39,1,"Inactive Customers"
12502,95,5,3723.87,4,"Regular Customers"
12504,17,2,482.05,2,"Occasional Customers"
12506,232,1,73.5,1,"Inactive Customers"
12507,133,3,1304.81,4,"Regular Customers"
12508,25,2,398.27,2,"Occasional Customers"
12509,283,1,176.5,1,"Inactive Customers"
12510,142,2,982.57,4,"Regular Customers"
12512,65,2,138.03,1,"Inactive Customers"
12513,112,1,612.29,1,"Inactive Customers"
12514,266,1,1017.68,1,"Inactive Customers"
12515,352,1,383.7,1,"Inactive Customers"
12516,77,2,1312.06,4,"Regular Customers"
12517,27,5,2502.84,4,"Regular Customers"
12518,0,5,2056.89,3,"High-Value Customers"
12519,63,1,340.84,1,"Inactive Customers"
12520,78,5,2634.26,4,"Regular Customers"
12521,142,1,599.68,1,"Inactive Customers"
12522,38,2,192.72,2,"Occasional Customers"
12523,18,11,1789.77,3,"High-Value Customers"
12524,8,8,4485.72,3,"High-Value Customers"
12526,0,3,1316.66,2,"Occasional Customers"
12527,81,3,348.71,1,"Inactive Customers"
12528,8,6,1933.48,3,"High-Value Customers"
12530,59,4,1662.28,4,"Regular Customers"
12531,14,1,125.22,2,"Occasional Customers"
12532,29,1,349.83,2,"Occasional Customers"
12534,130,1,1089.18,1,"Inactive Customers"
12535,91,2,716.35,1,"Inactive Customers"
12536,42,3,12601.83,4,"Regular Customers"
12538,28,1,363.95,2,"Occasional Customers"
12539,21,4,5568.35,4,"Regular Customers"
12540,19,17,13400.24,3,"High-Value Customers"
12541,29,3,981.18,4,"Regular Customers"
12544,35,1,372.7,2,"Occasional Customers"
12545,74,2,1000.39,4,"Regular Customers"
12546,46,2,1161.5,4,"Regular Customers"
12547,197,2,207.8,1,"Inactive Customers"
12548,165,1,95.2,1,"Inactive Customers"
12550,78,1,964.83,1,"Inactive Customers"
12551,357,1,168,1,"Inactive Customers"
12552,38,2,437.82,2,"Occasional Customers"
12553,7,10,3692.28,3,"High-Value Customers"
12556,49,2,603.71,2,"Occasional Customers"
12557,15,5,11990.96,3,"High-Value Customers"
12558,7,1,269.96,2,"Occasional Customers"
12559,310,2,561.71,1,"Inactive Customers"
12560,4,3,2134.01,2,"Occasional Customers"
12561,302,1,238.85,1,"Inactive Customers"
12562,7,7,3781.74,3,"High-Value Customers"
12564,260,1,456.9,1,"Inactive Customers"
12565,288,1,145.92,1,"Inactive Customers"
12566,85,1,351.65,1,"Inactive Customers"
12567,22,10,9401.28,3,"High-Value Customers"
12569,1,32,4124.69,3,"High-Value Customers"
12571,39,2,519.61,2,"Occasional Customers"
12572,8,2,1020.42,2,"Occasional Customers"
12573,226,1,160.54,1,"Inactive Customers"
12574,315,1,218.45,1,"Inactive Customers"
12576,35,5,1315.83,4,"Regular Customers"
12577,34,3,657.8,4,"Regular Customers"
12578,20,2,2794.51,4,"Regular Customers"
12579,77,1,440.42,1,"Inactive Customers"
12580,246,1,415.7,1,"Inactive Customers"
12581,39,1,197.71,1,"Inactive Customers"
12582,238,2,511.36,1,"Inactive Customers"
12583,2,15,7281.38,3,"High-Value Customers"
12584,3,9,2338.15,3,"High-Value Customers"
12585,233,2,2040.1,4,"Regular Customers"
12586,16,1,196.94,2,"Occasional Customers"
12587,7,1,144,2,"Occasional Customers"
12588,38,1,214.9,1,"Inactive Customers"
12589,28,2,646.68,2,"Occasional Customers"
12590,210,2,9864.26,4,"Regular Customers"
12591,316,1,452.85,1,"Inactive Customers"
12592,91,2,437.6,1,"Inactive Customers"
12593,108,3,418.1,1,"Inactive Customers"
12594,37,10,3338.22,3,"High-Value Customers"
12596,50,2,618.27,4,"Regular Customers"
12597,18,4,3811.22,4,"Regular Customers"
12598,9,8,3023.08,3,"High-Value Customers"
12599,28,7,1032.58,4,"Regular Customers"
12600,28,10,2599.04,3,"High-Value Customers"
12601,189,5,577.06,4,"Regular Customers"
12602,58,1,153.12,1,"Inactive Customers"
12603,21,1,739.2,2,"Occasional Customers"
12604,78,2,254.18,1,"Inactive Customers"
12607,59,1,1579.51,4,"Regular Customers"
12609,77,3,1126.85,4,"Regular Customers"
12610,22,5,2099.54,4,"Regular Customers"
12611,51,1,1193.32,4,"Regular Customers"
12612,73,1,704.04,1,"Inactive Customers"
12613,56,5,3344.38,4,"Regular Customers"
12614,277,1,315.6,1,"Inactive Customers"
12615,1,4,2291.19,3,"High-Value Customers"
12616,94,2,713.3,1,"Inactive Customers"
12617,28,1,355.53,2,"Occasional Customers"
12618,21,1,177.31,2,"Occasional Customers"
12619,15,9,3641.24,3,"High-Value Customers"
12620,14,3,1339.41,4,"Regular Customers"
12621,1,20,13689.67,3,"High-Value Customers"
12622,231,1,180.1,1,"Inactive Customers"
12623,275,1,305.1,1,"Inactive Customers"
12624,105,2,641.13,1,"Inactive Customers"
12625,211,2,2683.82,4,"Regular Customers"
12626,22,9,6620.48,3,"High-Value Customers"
12627,10,7,4478.53,3,"High-Value Customers"
12628,3,3,786.46,2,"Occasional Customers"
12630,9,2,1270.88,2,"Occasional Customers"
12631,56,1,640.5,1,"Inactive Customers"
12633,58,4,2163.98,4,"Regular Customers"
12635,89,2,1689.18,4,"Regular Customers"
12637,66,8,6021.9,4,"Regular Customers"
12638,32,1,671.69,2,"Occasional Customers"
12639,238,1,486.1,1,"Inactive Customers"
12640,23,3,1174.58,4,"Regular Customers"
12641,114,1,185.9,1,"Inactive Customers"
12642,24,3,1013.26,4,"Regular Customers"
12643,127,6,3344.64,4,"Regular Customers"
12644,129,1,477.91,1,"Inactive Customers"
12645,33,4,1775.18,4,"Regular Customers"
12646,4,2,1346.97,2,"Occasional Customers"
12647,21,12,3722.82,3,"High-Value Customers"
12648,154,1,318.05,1,"Inactive Customers"
12649,106,3,623.51,4,"Regular Customers"
12650,2,1,314.44,2,"Occasional Customers"
12651,334,1,114,1,"Inactive Customers"
12652,330,1,919.98,1,"Inactive Customers"
12653,148,2,2209.85,4,"Regular Customers"
12654,10,5,601.98,2,"Occasional Customers"
12656,16,5,4051.17,4,"Regular Customers"
12657,10,4,1643.18,4,"Regular Customers"
12658,18,1,686.05,2,"Occasional Customers"
12659,29,1,91.68,1,"Inactive Customers"
12660,10,1,245.1,2,"Occasional Customers"
12662,0,11,3849.78,3,"High-Value Customers"
12664,7,9,4881.88,3,"High-Value Customers"
12665,324,1,63,1,"Inactive Customers"
12667,57,1,620.13,1,"Inactive Customers"
12668,11,4,3807.15,4,"Regular Customers"
12669,150,3,2744.03,4,"Regular Customers"
12670,9,5,2996.05,3,"High-Value Customers"
12672,329,1,225.9,1,"Inactive Customers"
12673,4,2,610.52,2,"Occasional Customers"
12674,38,4,1970.6,4,"Regular Customers"
12676,24,6,1331.39,4,"Regular Customers"
12678,41,12,17628.46,3,"High-Value Customers"
12679,58,4,1113.02,4,"Regular Customers"
12680,0,4,862.81,2,"Occasional Customers"
12681,14,22,13787.54,3,"High-Value Customers"
12682,3,31,12288.22,3,"High-Value Customers"
12683,3,15,8476.57,3,"High-Value Customers"
12684,7,7,2283.63,3,"High-Value Customers"
12685,27,6,2863.08,4,"Regular Customers"
12686,371,1,89.14,1,"Inactive Customers"
12688,113,1,4873.81,4,"Regular Customers"
12689,25,2,1247.61,4,"Regular Customers"
12690,205,1,389.01,1,"Inactive Customers"
12691,27,6,1035.8,4,"Regular Customers"
12693,126,4,855.91,4,"Regular Customers"
12694,69,2,869.67,4,"Regular Customers"
12695,6,4,582.1,2,"Occasional Customers"
12697,28,3,957.59,4,"Regular Customers"
12700,7,4,4939.99,3,"High-Value Customers"
12701,79,2,797.71,4,"Regular Customers"
12702,19,1,219,2,"Occasional Customers"
12703,70,1,283.55,1,"Inactive Customers"
12704,6,8,2340.84,3,"High-Value Customers"
12705,14,9,6868.29,3,"High-Value Customers"
12707,291,1,603.42,1,"Inactive Customers"
12708,29,10,2712.91,3,"High-Value Customers"
12709,14,15,9736.52,3,"High-Value Customers"
12710,96,3,1149.02,4,"Regular Customers"
12712,28,13,4396.13,3,"High-Value Customers"
12713,0,1,848.55,2,"Occasional Customers"
12714,8,5,4708.86,3,"High-Value Customers"
12715,105,1,353.86,1,"Inactive Customers"
12716,3,2,1053.49,2,"Occasional Customers"
12717,150,2,1030.98,4,"Regular Customers"
12718,70,1,238.25,1,"Inactive Customers"
12719,4,2,644.95,2,"Occasional Customers"
12720,2,25,5781.73,3,"High-Value Customers"
12721,31,6,2656.13,4,"Regular Customers"
12722,84,4,997.63,4,"Regular Customers"
12723,3,5,725.07,2,"Occasional Customers"
12724,4,4,1031.41,2,"Occasional Customers"
12725,370,1,427.8,1,"Inactive Customers"
12726,27,7,2609.1,4,"Regular Customers"
12727,10,7,3980.7,3,"High-Value Customers"
12728,70,4,836.33,4,"Regular Customers"
12729,113,1,453.01,1,"Inactive Customers"
12731,23,12,18895.91,3,"High-Value Customers"
12732,179,1,236.26,1,"Inactive Customers"
12733,233,1,383.95,1,"Inactive Customers"
12734,352,1,110.4,1,"Inactive Customers"
12735,314,2,779.57,1,"Inactive Customers"
12736,332,1,234,1,"Inactive Customers"
12738,371,1,155.35,1,"Inactive Customers"
12739,77,2,1013.04,4,"Regular Customers"
12740,63,1,427.6,1,"Inactive Customers"
12743,133,2,546.43,1,"Inactive Customers"
12744,51,7,21279.29,3,"High-Value Customers"
12747,1,11,4196.01,3,"High-Value Customers"
12748,0,209,33719.73,3,"High-Value Customers"
12749,3,5,4090.88,3,"High-Value Customers"
12750,128,1,275.88,1,"Inactive Customers"
12752,80,1,4366.78,4,"Regular Customers"
12753,22,6,21429.39,3,"High-Value Customers"
12754,235,3,3010.74,4,"Regular Customers"
12755,280,2,3811.95,4,"Regular Customers"
12756,86,1,112.08,1,"Inactive Customers"
12757,15,13,7857.1,3,"High-Value Customers"
12758,116,2,2791.59,4,"Regular Customers"
12759,51,3,1531.44,4,"Regular Customers"
12762,7,2,1898.52,2,"Occasional Customers"
12763,137,2,494.08,1,"Inactive Customers"
12764,316,1,1693.88,1,"Inactive Customers"
12766,3,7,6989.63,3,"High-Value Customers"
12769,238,1,1143.6,1,"Inactive Customers"
12770,210,1,1351.45,1,"Inactive Customers"
12772,59,1,892.47,1,"Inactive Customers"
12775,16,5,1386.04,4,"Regular Customers"
12778,19,6,822.23,4,"Regular Customers"
12779,37,8,3981.36,4,"Regular Customers"
12781,63,2,826.74,4,"Regular Customers"
12782,4,5,2330.92,3,"High-Value Customers"
12783,1,6,2225.91,3,"High-Value Customers"
12784,8,2,574.42,2,"Occasional Customers"
12785,363,1,311.95,1,"Inactive Customers"
12787,9,3,463.66,2,"Occasional Customers"
12789,64,1,91.85,1,"Inactive Customers"
12790,191,1,324.92,1,"Inactive Customers"
12791,373,1,192.6,1,"Inactive Customers"
12792,256,1,400.54,1,"Inactive Customers"
12793,334,2,545.48,1,"Inactive Customers"
12794,52,2,860.41,4,"Regular Customers"
12795,18,1,430.48,2,"Occasional Customers"
12797,365,1,254.03,1,"Inactive Customers"
12798,9,3,6977.04,3,"High-Value Customers"
12802,186,1,427.58,1,"Inactive Customers"
12808,36,3,483.65,2,"Occasional Customers"
12809,177,1,489.31,1,"Inactive Customers"
12811,260,3,514.85,1,"Inactive Customers"
12812,44,1,229.64,1,"Inactive Customers"
12814,101,1,125.92,1,"Inactive Customers"
12815,147,2,1063.46,4,"Regular Customers"
12816,95,2,572.2,1,"Inactive Customers"
12817,280,1,166.04,1,"Inactive Customers"
12818,261,1,1542.08,1,"Inactive Customers"
12820,2,4,942.34,2,"Occasional Customers"
12821,213,1,92.72,1,"Inactive Customers"
12822,70,2,948.88,4,"Regular Customers"
12823,74,5,1759.5,4,"Regular Customers"
12824,59,1,397.12,1,"Inactive Customers"
12826,2,7,1474.72,3,"High-Value Customers"
12827,5,3,430.15,2,"Occasional Customers"
12828,2,6,1018.71,3,"High-Value Customers"
12829,336,2,293,1,"Inactive Customers"
12830,37,6,6814.64,4,"Regular Customers"
12831,261,1,215.05,1,"Inactive Customers"
12832,31,2,383.03,2,"Occasional Customers"
12833,144,1,417.38,1,"Inactive Customers"
12834,282,1,312.38,1,"Inactive Customers"
12836,58,4,2612.86,4,"Regular Customers"
12837,172,1,134.1,1,"Inactive Customers"
12838,33,2,683.13,2,"Occasional Customers"
12839,2,14,5591.42,3,"High-Value Customers"
12840,143,4,2726.77,4,"Regular Customers"
12841,4,25,4022.35,3,"High-Value Customers"
12842,69,2,1118.99,4,"Regular Customers"
12843,65,8,1702.26,4,"Regular Customers"
12844,28,2,325.96,2,"Occasional Customers"
12845,266,4,354.09,1,"Inactive Customers"
12847,21,1,871.54,2,"Occasional Customers"
12849,30,2,1050.89,4,"Regular Customers"
12851,96,1,135.18,1,"Inactive Customers"
12852,294,1,311.55,1,"Inactive Customers"
12853,134,6,1957.1,4,"Regular Customers"
12854,78,3,1324.5,4,"Regular Customers"
12855,372,1,38.1,1,"Inactive Customers"
12856,7,6,2179.93,3,"High-Value Customers"
12857,210,2,1106.4,1,"Inactive Customers"
12863,51,1,521.2,1,"Inactive Customers"
12864,137,1,147.12,1,"Inactive Customers"
12865,25,2,1568.23,4,"Regular Customers"
12866,282,1,559.12,1,"Inactive Customers"
12867,25,7,4036.82,3,"High-Value Customers"
12868,185,6,1607.06,4,"Regular Customers"
12871,83,2,380.64,1,"Inactive Customers"
12872,326,2,599.97,1,"Inactive Customers"
12873,281,1,374,1,"Inactive Customers"
12875,142,2,343.23,1,"Inactive Customers"
12876,57,2,2218.02,4,"Regular Customers"
12877,3,12,1535.77,3,"High-Value Customers"
12878,235,2,854.99,1,"Inactive Customers"
12879,44,3,573.22,4,"Regular Customers"
12881,275,1,298,1,"Inactive Customers"
12882,8,2,1463.04,2,"Occasional Customers"
12883,24,4,703.47,4,"Regular Customers"
12884,87,1,309.05,1,"Inactive Customers"
12885,62,3,1175.22,4,"Regular Customers"
12886,67,2,1378.4,4,"Regular Customers"
12888,213,2,354.12,1,"Inactive Customers"
12890,23,1,380.47,2,"Occasional Customers"
12891,185,3,331,1,"Inactive Customers"
12893,30,1,188.14,2,"Occasional Customers"
12895,41,2,372.8,2,"Occasional Customers"
12897,204,2,216.5,1,"Inactive Customers"
12901,8,28,17654.54,3,"High-Value Customers"
12902,264,1,138.68,1,"Inactive Customers"
12904,17,2,509.58,2,"Occasional Customers"
12906,11,5,2919.81,3,"High-Value Customers"
12908,175,2,750,1,"Inactive Customers"
12909,39,5,2178.67,4,"Regular Customers"
12910,22,8,3075.04,3,"High-Value Customers"
12912,2,5,1662.3,3,"High-Value Customers"
12913,4,5,2483.63,3,"High-Value Customers"
12915,148,2,363.65,1,"Inactive Customers"
12916,138,4,3006.15,4,"Regular Customers"
12917,127,1,594,1,"Inactive Customers"
12919,7,6,1335.19,3,"High-Value Customers"
12920,16,1,164.23,2,"Occasional Customers"
12921,8,37,16587.09,3,"High-Value Customers"
12922,160,1,405.38,1,"Inactive Customers"
12923,63,1,176.97,1,"Inactive Customers"
12924,87,4,933.7,4,"Regular Customers"
12925,4,2,694.05,2,"Occasional Customers"
12928,34,5,2062.7,4,"Regular Customers"
12929,311,1,117.85,1,"Inactive Customers"
12930,77,2,415.8,1,"Inactive Customers"
12931,21,15,42055.96,3,"High-Value Customers"
12933,23,3,607.53,2,"Occasional Customers"
12935,1,7,2160.7,3,"High-Value Customers"
12936,16,4,1063.9,4,"Regular Customers"
12937,14,4,1504.27,4,"Regular Customers"
12938,25,1,114.14,2,"Occasional Customers"
12939,63,8,11581.8,3,"High-Value Customers"
12940,54,2,913.54,4,"Regular Customers"
12942,130,3,683.9,4,"Regular Customers"
12944,35,2,604.51,2,"Occasional Customers"
12945,287,1,462.95,1,"Inactive Customers"
12947,143,6,1603.99,4,"Regular Customers"
12948,15,7,2064.95,3,"High-Value Customers"
12949,30,8,4167.22,3,"High-Value Customers"
12950,1,3,1843,2,"Occasional Customers"
12951,8,6,1064.07,4,"Regular Customers"
12952,5,4,1387.79,2,"Occasional Customers"
12953,9,1,329.85,2,"Occasional Customers"
12955,0,11,4757.16,3,"High-Value Customers"
12956,305,1,108.07,1,"Inactive Customers"
12957,9,8,4017.54,3,"High-Value Customers"
12962,6,2,266.39,2,"Occasional Customers"
12963,7,8,1856.63,3,"High-Value Customers"
12965,88,1,771.91,1,"Inactive Customers"
12966,9,1,160.18,2,"Occasional Customers"
12967,357,2,1660.9,4,"Regular Customers"
12968,111,1,135.95,1,"Inactive Customers"
12970,6,4,452.24,2,"Occasional Customers"
12971,3,86,11189.91,3,"High-Value Customers"
12974,197,1,144.8,1,"Inactive Customers"
12976,211,1,738.6,1,"Inactive Customers"
12977,155,1,39.24,1,"Inactive Customers"
12980,157,9,7374.9,4,"Regular Customers"
12981,29,2,372.22,2,"Occasional Customers"
12982,242,1,390.54,1,"Inactive Customers"
12984,18,1,97.5,2,"Occasional Customers"
12985,0,2,1239.38,2,"Occasional Customers"
12987,73,2,558.7,1,"Inactive Customers"
12988,291,1,535.32,1,"Inactive Customers"
12989,2,15,6924.11,3,"High-Value Customers"
12990,30,3,409.5,2,"Occasional Customers"
12991,22,2,503.76,2,"Occasional Customers"
12993,22,4,414.76,2,"Occasional Customers"
12994,3,3,974.42,2,"Occasional Customers"
12995,84,1,211.32,1,"Inactive Customers"
12997,21,4,1226.89,4,"Regular Customers"
12999,195,3,455.88,1,"Inactive Customers"
13000,106,3,534.85,4,"Regular Customers"
13001,3,13,9818.82,3,"High-Value Customers"
13002,317,1,120.95,1,"Inactive Customers"
13003,105,3,149.05,1,"Inactive Customers"
13004,11,18,5655.91,3,"High-Value Customers"
13005,173,2,513.7,1,"Inactive Customers"
13006,55,1,81.57,1,"Inactive Customers"
13008,322,1,229.47,1,"Inactive Customers"
13011,371,1,50.55,1,"Inactive Customers"
13012,8,8,1661.84,3,"High-Value Customers"
13013,0,13,4810.94,3,"High-Value Customers"
13014,10,10,3466.28,3,"High-Value Customers"
13015,52,5,3346.28,4,"Regular Customers"
13016,72,3,789.89,4,"Regular Customers"
13017,6,1,204,2,"Occasional Customers"
13018,15,28,7277.7,3,"High-Value Customers"
13021,3,9,2616.38,3,"High-Value Customers"
13023,63,2,689.9,4,"Regular Customers"
13026,0,5,975.36,3,"High-Value Customers"
13027,113,6,6912,4,"Regular Customers"
13028,22,2,661.32,2,"Occasional Customers"
13029,30,3,1247.5,4,"Regular Customers"
13030,10,2,799.48,2,"Occasional Customers"
13032,51,2,1010.18,4,"Regular Customers"
13033,356,1,190.55,1,"Inactive Customers"
13034,54,2,642.77,4,"Regular Customers"
13035,73,2,921.88,4,"Regular Customers"
13037,137,3,881.07,4,"Regular Customers"
13038,79,3,908.46,4,"Regular Customers"
13040,8,2,676.99,2,"Occasional Customers"
13043,272,1,516.42,1,"Inactive Customers"
13044,290,1,560.47,1,"Inactive Customers"
13045,98,1,305.28,1,"Inactive Customers"
13046,30,2,629.31,2,"Occasional Customers"
13047,31,10,3237.54,3,"High-Value Customers"
13048,13,4,1835.91,4,"Regular Customers"
13049,63,2,656.68,4,"Regular Customers"
13050,14,17,5836.86,3,"High-Value Customers"
13052,211,1,348.15,1,"Inactive Customers"
13055,77,3,1214.41,4,"Regular Customers"
13058,24,3,271.4,2,"Occasional Customers"
13059,249,1,183.4,1,"Inactive Customers"
13060,253,1,307.53,1,"Inactive Customers"
13061,71,1,248.61,1,"Inactive Customers"
13062,190,1,346.98,1,"Inactive Customers"
13064,12,4,1119.49,4,"Regular Customers"
13065,372,1,205.86,1,"Inactive Customers"
13066,23,2,470.8,2,"Occasional Customers"
13067,81,1,115.46,1,"Inactive Customers"
13068,9,2,344,2,"Occasional Customers"
13069,0,24,4436.12,3,"High-Value Customers"
13070,191,1,228.8,1,"Inactive Customers"
13072,266,1,177.15,1,"Inactive Customers"
13075,129,1,919.61,1,"Inactive Customers"
13077,0,4,729.27,2,"Occasional Customers"
13078,2,26,12627.94,3,"High-Value Customers"
13079,3,5,220.1,2,"Occasional Customers"
13080,178,1,58.08,1,"Inactive Customers"
13081,11,11,28337.38,3,"High-Value Customers"
13082,125,9,3613.63,4,"Regular Customers"
13083,3,2,303.75,2,"Occasional Customers"
13085,157,2,416.08,1,"Inactive Customers"
13089,2,97,58825.83,3,"High-Value Customers"
13090,8,14,8910.82,3,"High-Value Customers"
13091,27,1,345.82,2,"Occasional Customers"
13092,70,5,477.83,4,"Regular Customers"
13093,275,8,7832.47,4,"Regular Customers"
13094,20,12,1927.32,3,"High-Value Customers"
13095,70,1,74.4,1,"Inactive Customers"
13097,32,10,6010.42,3,"High-Value Customers"
13098,0,28,28882.44,3,"High-Value Customers"
13099,98,1,207.36,1,"Inactive Customers"
13101,233,1,101.19,1,"Inactive Customers"
13102,0,24,6424.09,3,"High-Value Customers"
13103,39,1,243.94,1,"Inactive Customers"
13104,2,6,1098.48,3,"High-Value Customers"
13106,132,1,76.5,1,"Inactive Customers"
13107,43,4,1531.62,4,"Regular Customers"
13108,372,1,350.06,1,"Inactive Customers"
13109,59,2,786.54,4,"Regular Customers"
13110,30,7,1488.67,4,"Regular Customers"
13113,0,24,12245.96,3,"High-Value Customers"
13115,11,4,2294.78,4,"Regular Customers"
13116,137,1,501.14,1,"Inactive Customers"
13117,21,8,984.91,4,"Regular Customers"
13118,19,5,1197.81,4,"Regular Customers"
13120,238,1,30.6,1,"Inactive Customers"
13121,268,1,283.73,1,"Inactive Customers"
13122,93,2,922.39,4,"Regular Customers"
13124,89,3,3866.33,4,"Regular Customers"
13126,4,8,2099.64,3,"High-Value Customers"
13127,77,1,259.17,1,"Inactive Customers"
13130,93,1,64,1,"Inactive Customers"
13131,22,3,1073.3,4,"Regular Customers"
13132,261,1,77.3,1,"Inactive Customers"
13133,273,2,109.8,1,"Inactive Customers"
13134,85,4,1793.58,4,"Regular Customers"
13135,196,1,3096,4,"Regular Customers"
13136,55,5,2607.61,4,"Regular Customers"
13137,10,8,3650.41,3,"High-Value Customers"
13138,21,6,962.39,4,"Regular Customers"
13139,15,7,5064.94,3,"High-Value Customers"
13140,107,3,423.72,1,"Inactive Customers"
13141,84,5,2388.75,4,"Regular Customers"
13142,18,1,307.09,2,"Occasional Customers"
13144,332,1,110.95,1,"Inactive Customers"
13145,39,4,618.52,4,"Regular Customers"
13146,25,1,228.91,2,"Occasional Customers"
13147,9,4,712.8,2,"Occasional Customers"
13148,28,12,3707.12,3,"High-Value Customers"
13149,13,4,1676.06,4,"Regular Customers"
13151,295,1,1257.87,1,"Inactive Customers"
13153,5,1,486.22,2,"Occasional Customers"
13155,32,4,971.76,4,"Regular Customers"
13157,48,4,1741.22,4,"Regular Customers"
13158,94,4,1201.06,4,"Regular Customers"
13159,8,4,1437.85,4,"Regular Customers"
13160,21,1,91.8,2,"Occasional Customers"
13161,312,1,112.75,1,"Inactive Customers"
13162,121,4,1688.29,4,"Regular Customers"
13165,45,2,1021.48,4,"Regular Customers"
13166,282,1,417.2,1,"Inactive Customers"
13167,18,4,791.33,4,"Regular Customers"
13168,35,4,1319.19,4,"Regular Customers"
13169,63,2,712.88,4,"Regular Customers"
13170,26,1,116.01,2,"Occasional Customers"
13171,21,3,468.41,2,"Occasional Customers"
13173,3,2,353.65,2,"Occasional Customers"
13174,15,3,2817.03,4,"Regular Customers"
13176,45,1,492.84,1,"Inactive Customers"
13177,64,1,282.45,1,"Inactive Customers"
13178,25,11,5725.47,3,"High-Value Customers"
13182,44,1,121.18,1,"Inactive Customers"
13183,7,9,3957.78,3,"High-Value Customers"
13184,14,10,1701.29,3,"High-Value Customers"
13185,267,1,71.4,1,"Inactive Customers"
13186,39,3,1575.89,4,"Regular Customers"
13187,336,1,236.02,1,"Inactive Customers"
13188,10,1,114.6,2,"Occasional Customers"
13189,18,2,260.68,2,"Occasional Customers"
13192,94,2,911.94,4,"Regular Customers"
13193,60,1,117.88,1,"Inactive Customers"
13194,135,1,60.7,1,"Inactive Customers"
13196,10,4,1797.78,4,"Regular Customers"
13198,9,6,3401.24,3,"High-Value Customers"
13199,3,38,9817.12,3,"High-Value Customers"
13200,18,4,870.09,4,"Regular Customers"
13203,9,4,869.46,2,"Occasional Customers"
13207,14,2,250.26,2,"Occasional Customers"
13208,58,6,1223.9,4,"Regular Customers"
13209,29,8,5891.61,3,"High-Value Customers"
13210,93,1,353.48,1,"Inactive Customers"
13211,9,3,1197.42,2,"Occasional Customers"
13212,19,3,788.08,2,"Occasional Customers"
13213,56,5,1520.58,4,"Regular Customers"
13216,267,1,333.74,1,"Inactive Customers"
13217,121,3,533.98,1,"Inactive Customers"
13218,126,1,62.64,1,"Inactive Customers"
13220,77,4,819.29,4,"Regular Customers"
13221,239,2,847.41,1,"Inactive Customers"
13223,199,2,163.2,1,"Inactive Customers"
13224,59,2,2155.95,4,"Regular Customers"
13225,2,7,6463.84,3,"High-Value Customers"
13226,272,1,108.21,1,"Inactive Customers"
13227,201,1,257.7,1,"Inactive Customers"
13228,80,1,358,1,"Inactive Customers"
13229,225,1,160.95,1,"Inactive Customers"
13230,3,14,2806.97,3,"High-Value Customers"
13232,12,7,1357.6,3,"High-Value Customers"
13233,73,2,605.12,1,"Inactive Customers"
13235,211,1,1031.07,1,"Inactive Customers"
13236,24,2,744.85,2,"Occasional Customers"
13238,16,4,700.73,2,"Occasional Customers"
13239,261,1,329.56,1,"Inactive Customers"
13240,95,4,663.65,4,"Regular Customers"
13242,111,3,270.4,1,"Inactive Customers"
13243,202,1,600.07,1,"Inactive Customers"
13244,92,1,121.74,1,"Inactive Customers"
13245,50,1,430.5,1,"Inactive Customers"
13246,17,6,1987.3,4,"Regular Customers"
13247,17,4,501.12,2,"Occasional Customers"
13248,124,2,465.68,1,"Inactive Customers"
13249,91,3,711.41,4,"Regular Customers"
13253,156,2,1030.4,4,"Regular Customers"
13255,8,2,399.51,2,"Occasional Customers"
13258,11,3,698.58,2,"Occasional Customers"
13259,61,1,292.32,1,"Inactive Customers"
13260,60,1,557.62,1,"Inactive Customers"
13261,268,2,944.1,1,"Inactive Customers"
13262,262,1,200.29,1,"Inactive Customers"
13263,0,35,7454.07,3,"High-Value Customers"
13265,52,5,2107.66,4,"Regular Customers"
13266,10,12,3834.26,3,"High-Value Customers"
13267,2,19,4521.49,3,"High-Value Customers"
13268,17,11,3214.69,3,"High-Value Customers"
13269,0,15,5346.23,3,"High-Value Customers"
13270,365,1,590,1,"Inactive Customers"
13271,36,1,217.38,1,"Inactive Customers"
13272,30,2,276.56,2,"Occasional Customers"
13273,112,1,138.98,1,"Inactive Customers"
13276,63,2,590.93,1,"Inactive Customers"
13277,15,4,258.4,2,"Occasional Customers"
13278,40,1,542.73,2,"Occasional Customers"
13279,77,1,137.75,1,"Inactive Customers"
13280,121,3,814.86,4,"Regular Customers"
13282,17,3,1132.14,4,"Regular Customers"
13283,59,2,93.66,1,"Inactive Customers"
13284,330,1,201.19,1,"Inactive Customers"
13285,22,4,2709.12,4,"Regular Customers"
13291,155,1,361.11,1,"Inactive Customers"
13292,38,2,578.94,2,"Occasional Customers"
13294,189,2,873.74,1,"Inactive Customers"
13295,359,1,201.2,1,"Inactive Customers"
13296,136,1,87.4,1,"Inactive Customers"
13297,7,4,2089.85,4,"Regular Customers"
13298,0,1,360,2,"Occasional Customers"
13299,267,1,142.5,1,"Inactive Customers"
13300,168,1,371.89,1,"Inactive Customers"
13301,103,4,618.09,4,"Regular Customers"
13302,154,1,63.75,1,"Inactive Customers"
13304,350,1,300.42,1,"Inactive Customers"
13305,3,10,2000.86,3,"High-Value Customers"
13307,119,1,15,1,"Inactive Customers"
13308,22,3,1385.51,4,"Regular Customers"
13309,6,5,1456.79,3,"High-Value Customers"
13310,27,3,1132.03,4,"Regular Customers"
13311,3,2,598.57,2,"Occasional Customers"
13313,21,5,1555.32,4,"Regular Customers"
13314,1,3,775.94,2,"Occasional Customers"
13316,36,4,5977.73,4,"Regular Customers"
13317,65,6,2273.68,4,"Regular Customers"
13318,0,3,640.76,2,"Occasional Customers"
13319,4,26,10845.55,3,"High-Value Customers"
13320,77,4,1548.7,4,"Regular Customers"
13321,71,2,567.36,1,"Inactive Customers"
13322,16,1,199.48,2,"Occasional Customers"
13323,2,5,787.85,2,"Occasional Customers"
13324,35,10,7121.95,3,"High-Value Customers"
13325,81,1,675.3,1,"Inactive Customers"
13327,38,8,3627.77,4,"Regular Customers"
13328,315,1,1308.48,1,"Inactive Customers"
13329,31,2,789,2,"Occasional Customers"
13330,92,3,1140.93,4,"Regular Customers"
13332,13,1,350.9,2,"Occasional Customers"
13334,81,3,3536.82,4,"Regular Customers"
13336,76,1,795.12,1,"Inactive Customers"
13338,157,1,487.02,1,"Inactive Customers"
13339,200,1,860.12,1,"Inactive Customers"
13340,44,7,10736.48,3,"High-Value Customers"
13341,260,1,775.85,1,"Inactive Customers"
13343,177,1,353.43,1,"Inactive Customers"
13344,67,3,2543.72,4,"Regular Customers"
13345,287,1,389.5,1,"Inactive Customers"
13347,69,1,341.36,1,"Inactive Customers"
13348,63,1,233.76,1,"Inactive Customers"
13349,10,1,247.32,2,"Occasional Customers"
13350,15,2,979.12,2,"Occasional Customers"
13351,65,1,373.94,1,"Inactive Customers"
13352,59,1,397.98,1,"Inactive Customers"
13354,70,1,743.53,1,"Inactive Customers"
13355,121,1,674.7,1,"Inactive Customers"
13356,79,1,768.24,1,"Inactive Customers"
13357,256,1,609.95,1,"Inactive Customers"
13358,268,1,439.03,1,"Inactive Customers"
13359,63,1,439.56,1,"Inactive Customers"
13362,8,4,3090.74,3,"High-Value Customers"
13363,17,2,992.5,2,"Occasional Customers"
13364,70,1,134.96,1,"Inactive Customers"
13365,33,2,2225.37,4,"Regular Customers"
13366,49,1,56.16,1,"Inactive Customers"
13368,256,2,623.4,1,"Inactive Customers"
13369,365,1,308.28,1,"Inactive Customers"
13370,371,1,754.87,1,"Inactive Customers"
13372,89,1,378.64,1,"Inactive Customers"
13373,60,3,3312.25,4,"Regular Customers"
13375,88,1,778.65,1,"Inactive Customers"
13376,98,3,1019.76,4,"Regular Customers"
13379,25,3,572.56,2,"Occasional Customers"
13381,31,6,3639.31,4,"Regular Customers"
13382,280,1,222.99,1,"Inactive Customers"
13384,30,7,4151.93,4,"Regular Customers"
13385,329,1,534.57,1,"Inactive Customers"
13388,130,2,677.1,1,"Inactive Customers"
13389,10,3,797.96,2,"Occasional Customers"
13390,74,1,544.08,1,"Inactive Customers"
13391,203,1,59.8,1,"Inactive Customers"
13394,1,8,2520.02,3,"High-Value Customers"
13395,184,1,307.72,1,"Inactive Customers"
13396,28,2,1360.99,4,"Regular Customers"
13397,72,5,1544.13,4,"Regular Customers"
13398,191,1,457.34,1,"Inactive Customers"
13402,126,2,621.23,1,"Inactive Customers"
13403,17,1,75,2,"Occasional Customers"
13404,0,2,252.49,2,"Occasional Customers"
13405,73,3,572.451,4,"Regular Customers"
13408,1,62,28117.04,3,"High-Value Customers"
13410,23,5,1003.06,4,"Regular Customers"
13411,106,1,213.55,1,"Inactive Customers"
13414,133,3,1390.5,4,"Regular Customers"
13416,43,2,712.5,4,"Regular Customers"
13417,4,2,640.83,2,"Occasional Customers"
13418,11,18,6127.43,3,"High-Value Customers"
13419,63,1,221.06,1,"Inactive Customers"
13420,149,2,159.85,1,"Inactive Customers"
13421,39,2,1851.08,4,"Regular Customers"
13422,63,1,2626.3,4,"Regular Customers"
13425,107,3,1624.21,4,"Regular Customers"
13426,0,10,3641.32,3,"High-Value Customers"
13427,18,3,582.6,2,"Occasional Customers"
13428,9,1,218.47,2,"Occasional Customers"
13429,10,4,1006.8,2,"Occasional Customers"
13430,18,2,679.45,2,"Occasional Customers"
13431,66,2,1269.1,4,"Regular Customers"
13434,73,2,534.24,1,"Inactive Customers"
13435,4,7,3809.89,3,"High-Value Customers"
13436,1,1,196.89,2,"Occasional Customers"
13437,13,7,3408.06,3,"High-Value Customers"
13439,254,1,283.71,1,"Inactive Customers"
13441,91,1,296.64,1,"Inactive Customers"
13447,22,3,1129.14,4,"Regular Customers"
13448,16,6,3539.37,3,"High-Value Customers"
13449,23,1,291.88,2,"Occasional Customers"
13450,26,6,2043.72,4,"Regular Customers"
13451,25,5,2976.15,4,"Regular Customers"
13452,258,2,590,1,"Inactive Customers"
13453,165,2,356.98,1,"Inactive Customers"
13455,24,2,1058.34,2,"Occasional Customers"
13456,17,6,1766.72,4,"Regular Customers"
13458,6,14,9646.57,3,"High-Value Customers"
13460,28,2,183.44,2,"Occasional Customers"
13461,38,3,1445,4,"Regular Customers"
13462,252,1,151.5,1,"Inactive Customers"
13464,57,1,674.68,1,"Inactive Customers"
13466,183,1,307.9,1,"Inactive Customers"
13467,10,2,1083.71,2,"Occasional Customers"
13468,1,37,5704.97,3,"High-Value Customers"
13470,98,2,165,1,"Inactive Customers"
13471,0,4,2531.58,3,"High-Value Customers"
13473,60,2,422.64,1,"Inactive Customers"
13474,235,1,229.59,1,"Inactive Customers"
13475,190,4,1431.78,4,"Regular Customers"
13476,178,2,1238.47,4,"Regular Customers"
13477,37,6,1454.58,4,"Regular Customers"
13479,200,2,300.95,1,"Inactive Customers"
13481,45,5,1804.56,4,"Regular Customers"
13482,231,1,184.64,1,"Inactive Customers"
13483,65,1,140.34,1,"Inactive Customers"
13484,240,1,313.8,1,"Inactive Customers"
13485,232,1,454.24,1,"Inactive Customers"
13486,77,3,1122.41,4,"Regular Customers"
13487,57,3,575.4,4,"Regular Customers"
13488,16,13,8968.31,3,"High-Value Customers"
13489,104,4,449.52,4,"Regular Customers"
13491,51,10,1215.82,4,"Regular Customers"
13492,135,3,1269.84,4,"Regular Customers"
13493,274,2,618.63,1,"Inactive Customers"
13494,311,1,316.26,1,"Inactive Customers"
13495,7,5,2044.87,3,"High-Value Customers"
13496,10,2,653.33,2,"Occasional Customers"
13497,282,2,348.05,1,"Inactive Customers"
13499,17,5,1159.11,4,"Regular Customers"
13500,22,3,1166.77,4,"Regular Customers"
13501,287,1,1340.32,1,"Inactive Customers"
13502,16,3,292,2,"Occasional Customers"
13503,70,1,216.85,1,"Inactive Customers"
13504,63,1,295.93,1,"Inactive Customers"
13505,72,4,4393.63,4,"Regular Customers"
13506,315,2,458.52,1,"Inactive Customers"
13507,2,4,2479.16,3,"High-Value Customers"
13508,243,1,110.97,1,"Inactive Customers"
13509,8,7,979.72,3,"High-Value Customers"
13510,0,4,1791.56,3,"High-Value Customers"
13512,260,1,251.21,1,"Inactive Customers"
13513,126,1,205.1,1,"Inactive Customers"
13514,73,1,152.2,1,"Inactive Customers"
13515,72,4,891.12,4,"Regular Customers"
13516,20,3,1389.41,4,"Regular Customers"
13517,59,3,2128.42,4,"Regular Customers"
13518,85,1,659.44,1,"Inactive Customers"
13519,77,1,122.75,1,"Inactive Customers"
13520,58,6,3624.35,4,"Regular Customers"
13521,0,3,1093.65,2,"Occasional Customers"
13522,29,1,125.8,2,"Occasional Customers"
13523,32,5,3964.88,4,"Regular Customers"
13524,40,5,680.18,4,"Regular Customers"
13525,14,2,628.78,2,"Occasional Customers"
13527,33,7,2287.51,4,"Regular Customers"
13529,78,2,307.76,1,"Inactive Customers"
13531,204,2,483.8,1,"Inactive Customers"
13532,33,1,210.31,2,"Occasional Customers"
13533,182,3,270.79,1,"Inactive Customers"
13534,1,25,5870.08,3,"High-Value Customers"
13536,0,7,3448.29,3,"High-Value Customers"
13538,42,7,1280.85,4,"Regular Customers"
13539,85,3,631.34,4,"Regular Customers"
13544,39,2,291.41,2,"Occasional Customers"
13546,11,3,626.99,2,"Occasional Customers"
13548,95,2,682.41,1,"Inactive Customers"
13549,25,7,918.2,4,"Regular Customers"
13551,318,1,91.8,1,"Inactive Customers"
13552,65,12,3740.07,3,"High-Value Customers"
13555,73,4,4149.28,4,"Regular Customers"
13557,27,2,584.06,2,"Occasional Customers"
13558,5,4,605.06,2,"Occasional Customers"
13560,6,1,174.37,2,"Occasional Customers"
13561,215,1,141.86,1,"Inactive Customers"
13562,81,3,1799.33,4,"Regular Customers"
13563,83,2,777.53,4,"Regular Customers"
13564,143,3,1749.02,4,"Regular Customers"
13565,18,2,240.22,2,"Occasional Customers"
13566,40,2,874.71,4,"Regular Customers"
13568,172,1,192.85,1,"Inactive Customers"
13569,16,2,373.75,2,"Occasional Customers"
13570,242,1,239.49,1,"Inactive Customers"
13571,12,12,2092.32,3,"High-Value Customers"
13572,205,1,1384.25,1,"Inactive Customers"
13573,49,2,294.4,1,"Inactive Customers"
13575,22,5,732.07,4,"Regular Customers"
13576,9,18,6717.34,3,"High-Value Customers"
13577,24,4,1687.6,4,"Regular Customers"
13579,14,2,467.04,2,"Occasional Customers"
13581,308,1,118,1,"Inactive Customers"
13583,155,1,781.03,1,"Inactive Customers"
13584,306,1,142.4,1,"Inactive Customers"
13587,63,1,712.4,1,"Inactive Customers"
13588,15,9,2478.95,3,"High-Value Customers"
13589,14,2,379.65,2,"Occasional Customers"
13590,10,6,1981.92,3,"High-Value Customers"
13591,64,3,1117.13,4,"Regular Customers"
13592,35,4,247.96,2,"Occasional Customers"
13593,107,5,2037.08,4,"Regular Customers"
13594,52,1,396.97,1,"Inactive Customers"
13596,5,2,697.04,2,"Occasional Customers"
13598,46,1,180.17,1,"Inactive Customers"
13599,0,21,5153.67,3,"High-Value Customers"
13600,311,1,219.52,1,"Inactive Customers"
13601,44,2,693.32,4,"Regular Customers"
13602,64,1,428.89,1,"Inactive Customers"
13603,25,1,164.34,2,"Occasional Customers"
13606,28,3,280.54,2,"Occasional Customers"
13607,39,1,678.01,2,"Occasional Customers"
13610,11,7,1131.88,4,"Regular Customers"
13611,88,3,1171.8,4,"Regular Customers"
13614,23,4,1610.46,4,"Regular Customers"
13615,318,1,417.69,1,"Inactive Customers"
13617,39,3,544.18,4,"Regular Customers"
13618,173,1,177.34,1,"Inactive Customers"
13621,116,1,213.85,1,"Inactive Customers"
13623,30,5,747.78,4,"Regular Customers"
13626,252,1,257.23,1,"Inactive Customers"
13627,58,5,1638.47,4,"Regular Customers"
13629,22,11,7792.36,3,"High-Value Customers"
13630,4,7,2031.78,3,"High-Value Customers"
13631,99,11,3070.42,4,"Regular Customers"
13632,24,5,2121.27,4,"Regular Customers"
13634,32,5,1575.16,4,"Regular Customers"
13635,67,1,1071.03,1,"Inactive Customers"
13636,36,5,949.12,4,"Regular Customers"
13637,51,3,810.5,4,"Regular Customers"
13638,15,1,122.64,2,"Occasional Customers"
13639,73,1,1033.34,1,"Inactive Customers"
13642,215,1,354.8,1,"Inactive Customers"
13643,30,3,519.44,2,"Occasional Customers"
13644,15,4,2624.26,4,"Regular Customers"
13645,119,1,252.1,1,"Inactive Customers"
13647,9,4,1678.12,4,"Regular Customers"
13649,256,2,346.6,1,"Inactive Customers"
13650,16,6,1836.34,4,"Regular Customers"
13651,34,2,94.2,1,"Inactive Customers"
13652,45,3,1095.08,4,"Regular Customers"
13654,42,6,2707.33,4,"Regular Customers"
13655,113,2,932.97,4,"Regular Customers"
13656,164,2,379.65,1,"Inactive Customers"
13657,10,2,382.14,2,"Occasional Customers"
13658,9,5,2639.17,3,"High-Value Customers"
13659,205,2,1573.2,4,"Regular Customers"
13662,85,3,897.76,4,"Regular Customers"
13663,178,1,189.47,1,"Inactive Customers"
13666,59,3,84.65,1,"Inactive Customers"
13667,148,1,305.02,1,"Inactive Customers"
13668,2,21,6363.59,3,"High-Value Customers"
13669,50,2,218.55,1,"Inactive Customers"
13670,74,1,349.7,1,"Inactive Customers"
13672,300,2,186.39,1,"Inactive Customers"
13673,18,2,396.92,2,"Occasional Customers"
13675,150,2,486.82,1,"Inactive Customers"
13678,151,1,232.6,1,"Inactive Customers"
13680,0,4,3722.42,3,"High-Value Customers"
13681,17,4,827.83,4,"Regular Customers"
13682,186,1,59.5,1,"Inactive Customers"
13684,285,1,67.23,1,"Inactive Customers"
13685,2,7,3119.44,3,"High-Value Customers"
13686,182,1,72,1,"Inactive Customers"
13689,62,1,910,1,"Inactive Customers"
13690,58,1,172.25,1,"Inactive Customers"
13692,24,3,1488.32,4,"Regular Customers"
13694,3,50,65039.62,3,"High-Value Customers"
13695,30,15,2504.13,3,"High-Value Customers"
13697,38,1,151.3,1,"Inactive Customers"
13699,154,1,308.58,1,"Inactive Customers"
13700,25,10,2265.12,3,"High-Value Customers"
13703,317,1,99.5,1,"Inactive Customers"
13704,4,9,2308.06,3,"High-Value Customers"
13705,7,3,711.86,2,"Occasional Customers"
13706,302,1,330.79,1,"Inactive Customers"
13707,266,2,806.41,1,"Inactive Customers"
13708,270,1,296.88,1,"Inactive Customers"
13709,3,13,6328.05,3,"High-Value Customers"
13710,31,1,180.48,2,"Occasional Customers"
13711,218,2,252.06,1,"Inactive Customers"
13712,246,1,228.84,1,"Inactive Customers"
13715,280,5,1079.34,4,"Regular Customers"
13716,268,1,138.28,1,"Inactive Customers"
13717,31,6,1445.01,4,"Regular Customers"
13718,245,2,306.55,1,"Inactive Customers"
13719,14,5,1041.68,4,"Regular Customers"
13720,116,4,799.9,4,"Regular Customers"
13721,35,1,524.14,2,"Occasional Customers"
13722,131,3,2375.41,4,"Regular Customers"
13723,216,1,199.85,1,"Inactive Customers"
13725,49,8,1980.56,4,"Regular Customers"
13726,38,2,1079.66,4,"Regular Customers"
13727,28,2,333.48,2,"Occasional Customers"
13728,36,6,1016.14,4,"Regular Customers"
13730,135,2,752.6,1,"Inactive Customers"
13731,218,2,610.59,1,"Inactive Customers"
13732,27,1,491.86,2,"Occasional Customers"
13735,24,4,2885.24,4,"Regular Customers"
13736,4,2,731.9,2,"Occasional Customers"
13737,199,1,339.6,1,"Inactive Customers"
13739,17,1,216.9,2,"Occasional Customers"
13740,240,1,350.75,1,"Inactive Customers"
13741,71,3,668.43,4,"Regular Customers"
13742,16,12,3131.02,3,"High-Value Customers"
13743,2,7,1341.6,3,"High-Value Customers"
13744,94,2,1156.36,4,"Regular Customers"
13745,161,1,300.04,1,"Inactive Customers"
13747,373,1,79.6,1,"Inactive Customers"
13748,95,5,948.25,4,"Regular Customers"
13750,53,5,1647.26,4,"Regular Customers"
13751,287,1,296.25,1,"Inactive Customers"
13752,123,6,1186.28,4,"Regular Customers"
13753,287,1,741.26,1,"Inactive Customers"
13754,151,2,282.6,1,"Inactive Customers"
13755,3,9,2161.35,3,"High-Value Customers"
13756,1,14,5189.52,3,"High-Value Customers"
13758,11,7,3190.55,3,"High-Value Customers"
13759,32,2,659.41,2,"Occasional Customers"
13760,53,2,286.79,1,"Inactive Customers"
13761,49,2,1070.65,4,"Regular Customers"
13762,218,1,306.72,1,"Inactive Customers"
13763,62,1,1714.96,4,"Regular Customers"
13764,70,3,1521.76,4,"Regular Customers"
13767,1,37,17220.36,3,"High-Value Customers"
13769,1,10,2796.51,3,"High-Value Customers"
13771,63,4,2634.45,4,"Regular Customers"
13772,33,3,1132.13,4,"Regular Customers"
13774,81,1,345,1,"Inactive Customers"
13777,0,33,25977.16,3,"High-Value Customers"
13778,102,1,178.7,1,"Inactive Customers"
13780,6,2,360.01,2,"Occasional Customers"
13781,250,1,127.84,1,"Inactive Customers"
13782,12,6,912,4,"Regular Customers"
13784,9,11,2462.79,3,"High-Value Customers"
13786,366,1,230.4,1,"Inactive Customers"
13787,75,2,309.04,1,"Inactive Customers"
13790,3,1,348.8,2,"Occasional Customers"
13791,127,2,1516,4,"Regular Customers"
13792,65,2,195.55,1,"Inactive Customers"
13798,0,57,37153.85,3,"High-Value Customers"
13799,116,2,688.86,1,"Inactive Customers"
13800,309,1,558.32,1,"Inactive Customers"
13801,66,1,324.8,1,"Inactive Customers"
13802,138,3,4599.42,4,"Regular Customers"
13803,254,1,277.07,1,"Inactive Customers"
13804,30,7,2635.79,4,"Regular Customers"
13805,51,2,924.6,4,"Regular Customers"
13806,63,1,256.38,1,"Inactive Customers"
13807,366,1,112.6,1,"Inactive Customers"
13808,5,5,1747.66,3,"High-Value Customers"
13809,304,1,155.05,1,"Inactive Customers"
13810,28,3,1499.01,4,"Regular Customers"
13811,183,3,814.5,4,"Regular Customers"
13812,41,3,539,4,"Regular Customers"
13813,39,4,1366.86,4,"Regular Customers"
13814,91,2,1579.12,4,"Regular Customers"
13815,21,4,4027.36,4,"Regular Customers"
13816,23,2,571.67,2,"Occasional Customers"
13817,28,2,382.98,2,"Occasional Customers"
13819,301,3,1140.35,4,"Regular Customers"
13821,144,2,385.64,1,"Inactive Customers"
13822,5,2,632,2,"Occasional Customers"
13823,18,2,957.66,2,"Occasional Customers"
13824,32,5,1698.94,4,"Regular Customers"
13826,175,1,189.5,1,"Inactive Customers"
13827,57,3,412.05,4,"Regular Customers"
13828,21,1,209.49,2,"Occasional Customers"
13831,15,6,2202.99,4,"Regular Customers"
13832,18,1,52.2,2,"Occasional Customers"
13833,158,1,384.8,1,"Inactive Customers"
13835,24,4,834.57,4,"Regular Customers"
13837,211,2,271.24,1,"Inactive Customers"
13838,5,4,691.73,2,"Occasional Customers"
13841,252,1,85,1,"Inactive Customers"
13842,58,9,3385.62,4,"Regular Customers"
13844,10,1,361.62,2,"Occasional Customers"
13845,64,1,312.98,1,"Inactive Customers"
13846,24,3,865.06,4,"Regular Customers"
13848,91,3,1255,4,"Regular Customers"
13849,51,2,1537.95,4,"Regular Customers"
13850,128,1,1595.48,1,"Inactive Customers"
13851,95,3,2651.46,4,"Regular Customers"
13853,56,1,1090.14,1,"Inactive Customers"
13854,8,25,8109.52,3,"High-Value Customers"
13856,168,3,388.5,1,"Inactive Customers"
13858,56,1,216.17,1,"Inactive Customers"
13859,325,1,201.16,1,"Inactive Customers"
13860,0,5,1245.9,3,"High-Value Customers"
13862,17,8,2209.36,3,"High-Value Customers"
13863,247,1,305.78,1,"Inactive Customers"
13865,57,4,501.56,4,"Regular Customers"
13866,73,1,145.67,1,"Inactive Customers"
13867,30,3,1015.29,4,"Regular Customers"
13868,6,2,3192.54,2,"Occasional Customers"
13869,122,4,3104.95,4,"Regular Customers"
13870,1,8,2770.94,3,"High-Value Customers"
13871,22,13,6403.25,3,"High-Value Customers"
13873,119,3,389.6,1,"Inactive Customers"
13874,357,1,540.45,1,"Inactive Customers"
13875,53,5,1786.79,4,"Regular Customers"
13876,63,1,122.7,1,"Inactive Customers"
13877,85,1,117.24,1,"Inactive Customers"
13878,54,1,1281.53,4,"Regular Customers"
13880,20,13,3219.77,3,"High-Value Customers"
13881,3,20,17159.52,3,"High-Value Customers"
13882,2,5,1191.13,3,"High-Value Customers"
13883,10,5,2674.48,3,"High-Value Customers"
13884,6,5,787.6,2,"Occasional Customers"
13885,188,2,506.8,1,"Inactive Customers"
13886,70,1,243.56,1,"Inactive Customers"
13887,203,1,349.55,1,"Inactive Customers"
13888,119,2,605.63,1,"Inactive Customers"
13889,92,1,416.9,1,"Inactive Customers"
13890,0,10,1883.81,3,"High-Value Customers"
13892,26,4,632.97,4,"Regular Customers"
13893,297,1,821.1,1,"Inactive Customers"
13894,23,3,564.62,2,"Occasional Customers"
13895,27,4,2593.07,4,"Regular Customers"
13897,49,1,311.16,1,"Inactive Customers"
13898,325,1,155.93,1,"Inactive Customers"
13899,15,2,388.52,2,"Occasional Customers"
13900,182,3,740.95,4,"Regular Customers"
13901,71,5,2867.2,4,"Regular Customers"
13904,36,2,332.64,2,"Occasional Customers"
13908,79,4,2369.55,4,"Regular Customers"
13911,56,9,2580.91,4,"Regular Customers"
13914,11,2,626.45,2,"Occasional Customers"
13917,49,2,272.04,1,"Inactive Customers"
13918,49,2,1212.84,4,"Regular Customers"
13919,58,2,384.81,1,"Inactive Customers"
13922,351,1,172.25,1,"Inactive Customers"
13923,53,1,351.13,1,"Inactive Customers"
13924,1,6,1838.85,3,"High-Value Customers"
13925,92,4,678.25,4,"Regular Customers"
13926,22,1,223.85,2,"Occasional Customers"
13927,74,1,348.99,1,"Inactive Customers"
13928,10,4,464.57,2,"Occasional Customers"
13929,168,2,842.65,1,"Inactive Customers"
13930,57,2,337.34,1,"Inactive Customers"
13931,95,2,1237.53,4,"Regular Customers"
13932,294,1,307.4,1,"Inactive Customers"
13933,108,2,608.79,1,"Inactive Customers"
13934,263,1,922.1,1,"Inactive Customers"
13936,179,1,376.58,1,"Inactive Customers"
13937,168,1,158.85,1,"Inactive Customers"
13938,34,1,71.66,1,"Inactive Customers"
13939,22,3,568.55,2,"Occasional Customers"
13940,16,4,839.14,4,"Regular Customers"
13941,21,5,5112.96,4,"Regular Customers"
13946,78,3,561.57,4,"Regular Customers"
13947,64,1,90.6,1,"Inactive Customers"
13948,360,1,102,1,"Inactive Customers"
13949,2,6,2427.32,3,"High-Value Customers"
13950,10,4,745.06,2,"Occasional Customers"
13951,175,3,674.45,4,"Regular Customers"
13952,217,2,3251.071,4,"Regular Customers"
13953,6,7,3515.68,3,"High-Value Customers"
13954,1,2,439.92,2,"Occasional Customers"
13955,153,2,322.96,1,"Inactive Customers"
13956,4,5,1026.42,2,"Occasional Customers"
13959,78,3,598.2,4,"Regular Customers"
13960,20,2,230.22,2,"Occasional Customers"
13962,21,2,169.55,2,"Occasional Customers"
13963,307,4,664.54,4,"Regular Customers"
13967,145,1,80.7,1,"Inactive Customers"
13969,6,18,9053.94,3,"High-Value Customers"
13971,18,8,2758.26,3,"High-Value Customers"
13972,70,2,190.25,1,"Inactive Customers"
13973,286,1,264.7,1,"Inactive Customers"
13974,48,1,413.59,1,"Inactive Customers"
13975,30,6,2526.28,4,"Regular Customers"
13976,206,1,357.98,1,"Inactive Customers"
13978,14,2,196.79,2,"Occasional Customers"
13979,72,1,869.87,1,"Inactive Customers"
13980,59,1,200.14,1,"Inactive Customers"
13982,38,4,1871.81,4,"Regular Customers"
13983,29,12,2603.43,3,"High-Value Customers"
13984,26,5,920.51,4,"Regular Customers"
13985,3,15,7060.13,3,"High-Value Customers"
13986,16,1,320.46,2,"Occasional Customers"
13988,19,6,4147.96,3,"High-Value Customers"
13989,65,2,1266.08,4,"Regular Customers"
13990,212,1,311.3,1,"Inactive Customers"
13991,11,6,855.97,4,"Regular Customers"
13992,29,1,76.8,1,"Inactive Customers"
13993,42,9,3466.36,4,"Regular Customers"
13994,3,6,2313.14,3,"High-Value Customers"
13995,14,5,1393.69,4,"Regular Customers"
13999,9,12,3901.81,3,"High-Value Customers"
14000,210,1,635.66,1,"Inactive Customers"
14001,45,3,2043.08,4,"Regular Customers"
14002,133,2,529.73,1,"Inactive Customers"
14004,42,7,4582.64,4,"Regular Customers"
14005,9,5,2874.72,3,"High-Value Customers"
14006,115,3,962.19,4,"Regular Customers"
14009,197,2,695.61,1,"Inactive Customers"
14012,277,1,328.8,1,"Inactive Customers"
14013,109,3,473.02,1,"Inactive Customers"
14014,76,1,505.18,1,"Inactive Customers"
14015,52,1,917.34,1,"Inactive Customers"
14016,161,4,4341.21,4,"Regular Customers"
14019,46,3,1421.61,4,"Regular Customers"
14020,16,2,642.8,2,"Occasional Customers"
14021,154,3,631.9,4,"Regular Customers"
14022,224,1,440,1,"Inactive Customers"
14023,6,2,584.07,2,"Occasional Customers"
14024,121,2,327.7,1,"Inactive Customers"
14027,60,1,104.82,1,"Inactive Customers"
14029,62,2,467.66,1,"Inactive Customers"
14030,17,8,2360.09,3,"High-Value Customers"
14031,6,19,17286.86,3,"High-Value Customers"
14032,1,11,2975.59,3,"High-Value Customers"
14034,21,3,651.82,2,"Occasional Customers"
14035,28,5,1428.02,4,"Regular Customers"
14036,284,1,626.65,1,"Inactive Customers"
14037,175,2,147.2,1,"Inactive Customers"
14038,77,3,1560.38,4,"Regular Customers"
14039,32,1,152.2,1,"Inactive Customers"
14040,40,12,3614.92,3,"High-Value Customers"
14041,265,1,141.41,1,"Inactive Customers"
14044,26,4,652.82,4,"Regular Customers"
14045,108,4,1659.75,4,"Regular Customers"
14046,283,1,154.99,1,"Inactive Customers"
14047,8,5,1308.61,4,"Regular Customers"
14048,304,1,409.93,1,"Inactive Customers"
14049,16,4,5681.72,4,"Regular Customers"
14050,31,2,746.36,2,"Occasional Customers"
14051,0,23,15610.39,3,"High-Value Customers"
14052,19,1,225.36,2,"Occasional Customers"
14053,123,2,260.25,1,"Inactive Customers"
14054,64,1,92.46,1,"Inactive Customers"
14055,105,1,725.64,1,"Inactive Customers"
14056,0,23,8214.65,3,"High-Value Customers"
14057,23,17,6217.96,3,"High-Value Customers"
14059,266,1,183.6,1,"Inactive Customers"
14060,4,19,6140.42,3,"High-Value Customers"
14062,9,12,10464.85,3,"High-Value Customers"
14064,28,5,1353.74,4,"Regular Customers"
14066,266,1,152.55,1,"Inactive Customers"
14067,63,2,374.7,1,"Inactive Customers"
14068,319,1,265.85,1,"Inactive Customers"
14071,3,8,1438.82,3,"High-Value Customers"
14073,31,1,151.04,1,"Inactive Customers"
14075,4,3,942.26,2,"Occasional Customers"
14076,128,1,122.47,1,"Inactive Customers"
14077,40,5,499.42,4,"Regular Customers"
14078,101,6,1049.37,4,"Regular Customers"
14079,124,1,375.1,1,"Inactive Customers"
14080,32,1,45.6,1,"Inactive Customers"
14081,301,2,934.52,1,"Inactive Customers"
14082,364,1,182.25,1,"Inactive Customers"
14083,3,9,1018.43,3,"High-Value Customers"
14085,1,18,4448.54,3,"High-Value Customers"
14087,2,1,194.42,2,"Occasional Customers"
14088,9,13,50491.81,3,"High-Value Customers"
14089,56,1,161,1,"Inactive Customers"
14090,324,1,76.32,1,"Inactive Customers"
14092,7,14,4076.91,3,"High-Value Customers"
14093,11,1,442.85,2,"Occasional Customers"
14096,3,17,65164.79,3,"High-Value Customers"
14098,36,1,147.35,1,"Inactive Customers"
14099,15,11,3104.17,3,"High-Value Customers"
14100,137,1,194.9,1,"Inactive Customers"
14101,73,6,5976.79,4,"Regular Customers"
14102,4,5,1360.28,3,"High-Value Customers"
14104,154,2,216.21,1,"Inactive Customers"
14105,238,1,1266.23,1,"Inactive Customers"
14107,51,7,2703.23,4,"Regular Customers"
14108,30,2,597.91,2,"Occasional Customers"
14109,72,1,144.2,1,"Inactive Customers"
14110,3,12,5683.15,3,"High-Value Customers"
14111,13,4,692.85,2,"Occasional Customers"
14112,22,7,2915.15,4,"Regular Customers"
14113,3,4,1840.42,3,"High-Value Customers"
14114,273,2,386.53,1,"Inactive Customers"
14116,19,5,1382.74,4,"Regular Customers"
14117,143,1,90,1,"Inactive Customers"
14121,3,4,2780.15,3,"High-Value Customers"
14124,83,1,419.58,1,"Inactive Customers"
14125,10,3,2740.43,4,"Regular Customers"
14126,7,3,706.13,2,"Occasional Customers"
14127,122,3,709.71,4,"Regular Customers"
14128,60,2,637.5,4,"Regular Customers"
14129,1,5,1123.86,3,"High-Value Customers"
14130,318,1,483.86,1,"Inactive Customers"
14132,1,11,3586.03,3,"High-Value Customers"
14133,129,3,605.64,4,"Regular Customers"
14135,1,15,4690.31,3,"High-Value Customers"
14138,1,2,982.38,2,"Occasional Customers"
14139,45,1,415.82,1,"Inactive Customers"
14140,3,2,935.05,2,"Occasional Customers"
14141,2,4,915.13,2,"Occasional Customers"
14142,372,1,311.81,1,"Inactive Customers"
14143,133,1,115.8,1,"Inactive Customers"
14145,46,4,3742.2,4,"Regular Customers"
14146,8,5,4191,3,"High-Value Customers"
14147,77,2,483.4,1,"Inactive Customers"
14148,233,1,157.2,1,"Inactive Customers"
14149,220,1,446.62,1,"Inactive Customers"
14150,35,2,658.64,2,"Occasional Customers"
14152,74,2,621.29,1,"Inactive Customers"
14154,238,2,1345.62,4,"Regular Customers"
14155,265,1,118.75,1,"Inactive Customers"
14156,9,55,117379.63,3,"High-Value Customers"
14157,19,2,432.88,2,"Occasional Customers"
14158,39,1,507.66,2,"Occasional Customers"
14159,19,11,4693.01,3,"High-Value Customers"
14161,215,3,1110.52,4,"Regular Customers"
14162,173,2,289.36,1,"Inactive Customers"
14163,86,4,2445.91,4,"Regular Customers"
14164,70,2,1631.77,4,"Regular Customers"
14165,275,1,122.54,1,"Inactive Customers"
14167,38,4,574.84,4,"Regular Customers"
14171,97,1,363.79,1,"Inactive Customers"
14173,10,4,450.84,2,"Occasional Customers"
14174,32,1,134.46,1,"Inactive Customers"
14175,59,3,3222.3,4,"Regular Customers"
14176,296,4,576.9,1,"Inactive Customers"
14177,85,4,559.41,4,"Regular Customers"
14178,8,7,1620.93,3,"High-Value Customers"
14179,40,2,719.78,2,"Occasional Customers"
14180,10,25,4748.52,3,"High-Value Customers"
14184,66,1,452.89,1,"Inactive Customers"
14185,330,1,197.65,1,"Inactive Customers"
14188,30,6,2054.36,4,"Regular Customers"
14189,1,15,4654.08,3,"High-Value Customers"
14191,1,13,4684.76,3,"High-Value Customers"
14193,67,2,853.39,4,"Regular Customers"
14194,4,21,11349.52,3,"High-Value Customers"
14195,201,2,1012,1,"Inactive Customers"
14196,106,1,335.52,1,"Inactive Customers"
14198,17,4,701.4,2,"Occasional Customers"
14199,217,1,185.4,1,"Inactive Customers"
14201,59,7,747.44,4,"Regular Customers"
14204,1,1,161.03,2,"Occasional Customers"
14205,16,2,466.7,2,"Occasional Customers"
14206,238,1,328.16,1,"Inactive Customers"
14208,94,1,151.74,1,"Inactive Customers"
14209,10,6,2073.43,3,"High-Value Customers"
14210,105,6,1905.84,4,"Regular Customers"
14211,52,9,2241.1,4,"Regular Customers"
14212,89,1,1070.48,1,"Inactive Customers"
14214,30,5,1004.38,4,"Regular Customers"
14215,11,6,1789.72,3,"High-Value Customers"
14216,2,4,1839.3,3,"High-Value Customers"
14217,1,17,2004.98,3,"High-Value Customers"
14218,42,1,169.48,1,"Inactive Customers"
14219,3,1,89.94,2,"Occasional Customers"
14220,246,2,632.4,1,"Inactive Customers"
14221,41,9,3432.8,4,"Regular Customers"
14222,176,1,683.17,1,"Inactive Customers"
14223,91,3,991.13,4,"Regular Customers"
14224,109,4,1050.12,4,"Regular Customers"
14226,28,5,2232.19,4,"Regular Customers"
14227,25,10,3350.96,3,"High-Value Customers"
14229,51,3,1547.2,4,"Regular Customers"
14231,183,3,925.71,4,"Regular Customers"
14232,42,5,2048.07,4,"Regular Customers"
14233,48,4,1462.72,4,"Regular Customers"
14234,21,4,775.46,4,"Regular Customers"
14235,74,5,3144.86,4,"Regular Customers"
14236,80,2,490.86,1,"Inactive Customers"
14237,372,1,161,1,"Inactive Customers"
14238,325,1,146.85,1,"Inactive Customers"
14239,42,11,2380.85,3,"High-Value Customers"
14240,29,2,890.34,2,"Occasional Customers"
14241,183,1,213.7,1,"Inactive Customers"
14242,234,2,280.55,1,"Inactive Customers"
14243,8,10,2588.77,3,"High-Value Customers"
14245,219,2,1693.45,4,"Regular Customers"
14246,110,3,1474.06,4,"Regular Customers"
14247,277,1,136.77,1,"Inactive Customers"
14248,317,1,302.58,1,"Inactive Customers"
14250,6,3,1904.05,2,"Occasional Customers"
14251,1,5,2879.7,3,"High-Value Customers"
14256,259,2,969.06,1,"Inactive Customers"
14257,63,5,3099.72,4,"Regular Customers"
14258,8,9,12669.98,3,"High-Value Customers"
14259,141,1,120,1,"Inactive Customers"
14261,50,2,1163.45,4,"Regular Customers"
14262,7,8,2618.23,3,"High-Value Customers"
14264,154,2,333.97,1,"Inactive Customers"
14265,108,2,530.18,1,"Inactive Customers"
14267,162,3,1516.24,4,"Regular Customers"
14270,331,1,492.65,1,"Inactive Customers"
14271,225,1,112.32,1,"Inactive Customers"
14272,73,2,437.96,1,"Inactive Customers"
14273,50,4,559.97,4,"Regular Customers"
14276,98,3,1119.74,4,"Regular Customers"
14277,14,3,4216.2,4,"Regular Customers"
14280,196,1,134.04,1,"Inactive Customers"
14282,2,15,3729.34,3,"High-Value Customers"
14284,30,2,595.25,2,"Occasional Customers"
14285,20,4,1910.01,4,"Regular Customers"
14286,23,3,4628.75,4,"Regular Customers"
14287,7,3,176.63,2,"Occasional Customers"
14288,212,1,426.6,1,"Inactive Customers"
14289,8,6,911.26,4,"Regular Customers"
14290,10,5,2314.65,3,"High-Value Customers"
14291,1,11,3883.25,3,"High-Value Customers"
14292,7,9,4871.93,3,"High-Value Customers"
14293,2,4,1046.56,2,"Occasional Customers"
14295,39,1,166.2,1,"Inactive Customers"
14297,17,4,1305.33,4,"Regular Customers"
14298,7,44,51527.3,3,"High-Value Customers"
14299,7,9,3965.62,3,"High-Value Customers"
14300,18,1,43.2,2,"Occasional Customers"
14301,116,1,640.14,1,"Inactive Customers"
14304,222,1,383.45,1,"Inactive Customers"
14305,70,3,1858.96,4,"Regular Customers"
14306,50,2,2093.32,4,"Regular Customers"
14307,88,6,2995.72,4,"Regular Customers"
14309,7,9,2352.53,3,"High-Value Customers"
14311,242,1,310.26,1,"Inactive Customers"
14312,46,6,1611.59,4,"Regular Customers"
14314,106,1,120,1,"Inactive Customers"
14315,44,6,2481.13,4,"Regular Customers"
14317,64,1,508.58,1,"Inactive Customers"
14320,206,2,477.79,1,"Inactive Customers"
14321,10,5,1530.75,4,"Regular Customers"
14323,114,2,605.06,1,"Inactive Customers"
14326,241,1,183.85,1,"Inactive Customers"
14327,162,1,311.65,1,"Inactive Customers"
14329,16,7,5014.84,3,"High-Value Customers"
14331,123,2,462.66,1,"Inactive Customers"
14332,22,3,866.31,4,"Regular Customers"
14333,67,1,415.2,1,"Inactive Customers"
14334,16,8,2552.21,3,"High-Value Customers"
14335,15,2,468.26,2,"Occasional Customers"
14336,16,4,1614.91,4,"Regular Customers"
14338,160,2,588.22,1,"Inactive Customers"
14339,242,1,309.52,1,"Inactive Customers"
14340,218,1,134.7,1,"Inactive Customers"
14341,44,8,2182.28,4,"Regular Customers"
14342,20,4,668.56,4,"Regular Customers"
14344,126,8,889.93,4,"Regular Customers"
14345,38,1,108.98,1,"Inactive Customers"
14346,120,2,1021.58,4,"Regular Customers"
14348,259,1,409.57,1,"Inactive Customers"
14349,9,1,133.5,2,"Occasional Customers"
14350,273,1,282.93,1,"Inactive Customers"
14351,164,1,51,1,"Inactive Customers"
14352,156,4,1078.96,4,"Regular Customers"
14353,214,1,90.6,1,"Inactive Customers"
14354,5,2,163.62,2,"Occasional Customers"
14355,365,1,174.4,1,"Inactive Customers"
14356,79,2,701.23,4,"Regular Customers"
14357,42,1,225.77,1,"Inactive Customers"
14359,18,3,912.18,2,"Occasional Customers"
14360,31,4,2128.23,4,"Regular Customers"
14362,21,1,161.2,2,"Occasional Customers"
14364,108,8,3717.35,4,"Regular Customers"
14367,7,16,9261.52,3,"High-Value Customers"
14368,319,1,155,1,"Inactive Customers"
14371,294,1,100.5,1,"Inactive Customers"
14373,357,1,76.55,1,"Inactive Customers"
14375,184,1,257.68,1,"Inactive Customers"
14377,190,2,617.05,1,"Inactive Customers"
14379,43,2,348.1,2,"Occasional Customers"
14381,51,1,202.68,1,"Inactive Customers"
14382,25,1,626.07,2,"Occasional Customers"
14383,37,3,1247.69,4,"Regular Customers"
14385,8,3,202.11,2,"Occasional Customers"
14386,296,1,142.4,1,"Inactive Customers"
14387,32,3,1770.56,4,"Regular Customers"
14388,9,8,3212.84,3,"High-Value Customers"
14389,64,2,1043.46,4,"Regular Customers"
14390,9,9,4652.82,3,"High-Value Customers"
14393,217,1,67.95,1,"Inactive Customers"
14395,1,9,3507.71,3,"High-Value Customers"
14396,64,2,487.99,1,"Inactive Customers"
14397,2,19,2612.96,3,"High-Value Customers"
14400,148,1,574.7,1,"Inactive Customers"
14401,3,13,4051.48,3,"High-Value Customers"
14403,129,4,1475.81,4,"Regular Customers"
14404,33,6,1474.32,4,"Regular Customers"
14406,118,1,156.75,1,"Inactive Customers"
14407,106,6,2157.73,4,"Regular Customers"
14408,10,7,2606.53,3,"High-Value Customers"
14409,70,6,2059.45,4,"Regular Customers"
14410,91,9,1105.07,4,"Regular Customers"
14411,310,1,1063,1,"Inactive Customers"
14412,42,2,770.03,4,"Regular Customers"
14413,361,1,122.7,1,"Inactive Customers"
14414,91,7,1496.98,4,"Regular Customers"
14415,0,13,5900.28,3,"High-Value Customers"
14416,21,2,490.22,2,"Occasional Customers"
14418,3,3,1937.25,2,"Occasional Customers"
14419,10,6,1058.06,4,"Regular Customers"
14420,98,1,387.52,1,"Inactive Customers"
14421,56,2,813.11,4,"Regular Customers"
14422,0,6,4263.64,3,"High-Value Customers"
14423,217,1,265.2,1,"Inactive Customers"
14424,17,1,322.08,2,"Occasional Customers"
14426,23,10,4481.67,3,"High-Value Customers"
14427,49,2,363.34,1,"Inactive Customers"
14428,6,5,1244.83,2,"Occasional Customers"
14431,302,1,470.36,1,"Inactive Customers"
14432,9,6,2255.51,3,"High-Value Customers"
14434,21,6,1372.8,4,"Regular Customers"
14436,98,1,89.06,1,"Inactive Customers"
14437,365,1,63,1,"Inactive Customers"
14438,305,1,131.9,1,"Inactive Customers"
14439,319,1,2661.24,4,"Regular Customers"
14440,7,5,2357.68,3,"High-Value Customers"
14441,0,4,1712.89,3,"High-Value Customers"
14442,204,2,1589.82,4,"Regular Customers"
14443,53,4,1420.2,4,"Regular Customers"
14446,0,4,1039.58,2,"Occasional Customers"
14447,18,5,1163.23,4,"Regular Customers"
14448,8,2,375.35,2,"Occasional Customers"
14449,18,4,907.1,4,"Regular Customers"
14450,180,3,483.25,1,"Inactive Customers"
14451,59,2,662.59,4,"Regular Customers"
14452,10,2,264.44,2,"Occasional Customers"
14453,189,1,119.93,1,"Inactive Customers"
14456,4,9,3062.4,3,"High-Value Customers"
14457,310,1,113.64,1,"Inactive Customers"
14459,154,1,1837.92,4,"Regular Customers"
14460,109,3,434.34,1,"Inactive Customers"
14461,147,3,2103.06,4,"Regular Customers"
14462,65,11,2004.02,4,"Regular Customers"
14463,97,3,529.62,4,"Regular Customers"
14465,246,3,1058.62,4,"Regular Customers"
14466,28,7,2272.4,4,"Regular Customers"
14467,17,4,598.76,2,"Occasional Customers"
14470,11,2,461.19,2,"Occasional Customers"
14472,103,8,1936.84,4,"Regular Customers"
14473,73,2,234.34,1,"Inactive Customers"
14474,45,1,547.66,1,"Inactive Customers"
14475,71,3,925.85,4,"Regular Customers"
14476,256,1,215.7,1,"Inactive Customers"
14477,19,4,1309.6,4,"Regular Customers"
14479,253,2,316.25,1,"Inactive Customers"
14480,10,1,279.05,2,"Occasional Customers"
14481,164,2,636.51,1,"Inactive Customers"
14482,17,6,2068.15,4,"Regular Customers"
14483,281,1,137.1,1,"Inactive Customers"
14484,49,1,321.92,1,"Inactive Customers"
14485,38,1,165.75,1,"Inactive Customers"
14487,26,6,1196.33,4,"Regular Customers"
14488,67,1,1064.28,1,"Inactive Customers"
14489,206,1,463.38,1,"Inactive Customers"
14491,174,2,340.93,1,"Inactive Customers"
14493,6,5,2383.24,3,"High-Value Customers"
14494,25,1,139.56,2,"Occasional Customers"
14495,50,2,123.8,1,"Inactive Customers"
14496,311,2,538.81,1,"Inactive Customers"
14497,308,1,475.37,1,"Inactive Customers"
14498,42,5,1957.32,4,"Regular Customers"
14499,25,3,815.32,4,"Regular Customers"
14500,87,3,356.85,1,"Inactive Customers"
14501,183,2,251.21,1,"Inactive Customers"
14502,19,11,2470.67,3,"High-Value Customers"
14503,2,6,3543.26,3,"High-Value Customers"
14504,46,4,673.26,4,"Regular Customers"
14505,16,8,5905.64,3,"High-Value Customers"
14506,16,5,2012.17,4,"Regular Customers"
14507,23,6,1383.18,4,"Regular Customers"
14508,21,2,276.42,2,"Occasional Customers"
14511,10,5,1314.81,4,"Regular Customers"
14512,187,2,275.28,1,"Inactive Customers"
14513,100,3,455.59,1,"Inactive Customers"
14514,60,3,1055.35,4,"Regular Customers"
14515,17,6,2102.09,4,"Regular Customers"
14517,32,2,330.45,2,"Occasional Customers"
14518,63,1,174.37,1,"Inactive Customers"
14520,1,2,270.6,2,"Occasional Customers"
14522,23,4,974.54,4,"Regular Customers"
14523,107,1,241.09,1,"Inactive Customers"
14524,31,9,1867.68,4,"Regular Customers"
14525,19,9,4332.2,3,"High-Value Customers"
14527,2,55,8508.82,3,"High-Value Customers"
14528,36,1,364.22,2,"Occasional Customers"
14529,59,3,620.04,4,"Regular Customers"
14530,25,6,2925.91,4,"Regular Customers"
14532,235,4,932.85,4,"Regular Customers"
14533,24,7,1949.72,4,"Regular Customers"
14534,2,18,4447.05,3,"High-Value Customers"
14535,59,3,2864.19,4,"Regular Customers"
14536,259,1,171.8,1,"Inactive Customers"
14537,57,1,355.56,1,"Inactive Customers"
14538,64,2,388.25,1,"Inactive Customers"
14539,15,2,537.48,2,"Occasional Customers"
14540,9,3,996.26,2,"Occasional Customers"
14541,58,8,1461.65,4,"Regular Customers"
14542,185,1,103.25,1,"Inactive Customers"
14543,28,16,3630.33,3,"High-Value Customers"
14544,23,2,2024.45,4,"Regular Customers"
14546,4,5,2578.09,3,"High-Value Customers"
14547,3,8,4007.54,3,"High-Value Customers"
14548,150,2,652.8,1,"Inactive Customers"
14549,310,1,289.24,1,"Inactive Customers"
14550,10,2,765.62,2,"Occasional Customers"
14551,17,2,186.23,2,"Occasional Customers"
14552,151,1,165.07,1,"Inactive Customers"
14553,18,5,859.27,4,"Regular Customers"
14554,9,4,2381.04,4,"Regular Customers"
14555,56,2,324.14,1,"Inactive Customers"
14557,84,1,788.38,1,"Inactive Customers"
14560,6,22,2237.77,3,"High-Value Customers"
14561,75,3,1080.76,4,"Regular Customers"
14562,3,18,5074.77,3,"High-Value Customers"
14565,95,4,3099.12,4,"Regular Customers"
14566,110,1,1432,1,"Inactive Customers"
14567,56,2,1530.36,4,"Regular Customers"
14569,0,1,227.39,2,"Occasional Customers"
14570,280,2,218.06,1,"Inactive Customers"
14572,2,7,2832.84,3,"High-Value Customers"
14573,179,9,1653.42,4,"Regular Customers"
14576,371,1,35.4,1,"Inactive Customers"
14577,12,4,859.71,2,"Occasional Customers"
14578,2,1,168.63,2,"Occasional Customers"
14581,16,1,138.6,2,"Occasional Customers"
14582,40,1,114.11,1,"Inactive Customers"
14583,5,5,1052.55,2,"Occasional Customers"
14584,168,4,1042.26,4,"Regular Customers"
14585,49,1,157.05,1,"Inactive Customers"
14586,276,1,237.36,1,"Inactive Customers"
14587,18,9,1601.14,3,"High-Value Customers"
14589,371,1,39.75,1,"Inactive Customers"
14591,14,4,1447.14,4,"Regular Customers"
14592,34,3,570.46,4,"Regular Customers"
14593,21,3,617.99,2,"Occasional Customers"
14594,6,2,379.83,2,"Occasional Customers"
14595,19,6,1740.6,4,"Regular Customers"
14597,10,2,883.15,2,"Occasional Customers"
14598,43,1,221.97,1,"Inactive Customers"
14600,305,1,393.33,1,"Inactive Customers"
14601,10,1,213.96,2,"Occasional Customers"
14603,274,1,660,1,"Inactive Customers"
14606,0,93,12156.65,3,"High-Value Customers"
14607,15,14,16569.5,3,"High-Value Customers"
14608,3,4,1785.15,3,"High-Value Customers"
14609,71,4,601.56,4,"Regular Customers"
14616,242,3,406.08,1,"Inactive Customers"
14618,8,3,553.44,2,"Occasional Customers"
14619,245,1,394.44,1,"Inactive Customers"
14620,205,2,412.78,1,"Inactive Customers"
14621,0,5,1788.36,3,"High-Value Customers"
14622,184,1,320.58,1,"Inactive Customers"
14623,31,5,889.25,4,"Regular Customers"
14624,56,2,225.85,1,"Inactive Customers"
14625,195,2,899.63,1,"Inactive Customers"
14626,23,4,2791.27,4,"Regular Customers"
14628,90,2,671.96,1,"Inactive Customers"
14629,3,2,959.01,2,"Occasional Customers"
14631,50,3,1006.98,4,"Regular Customers"
14632,262,1,114.56,1,"Inactive Customers"
14633,265,1,344.9,1,"Inactive Customers"
14636,35,2,609.85,2,"Occasional Customers"
14638,50,1,443.6,1,"Inactive Customers"
14639,51,6,2984.49,4,"Regular Customers"
14640,23,6,2125.08,4,"Regular Customers"
14641,21,1,110.46,2,"Occasional Customers"
14642,58,1,96.12,1,"Inactive Customers"
14643,169,2,693.81,1,"Inactive Customers"
14644,67,2,830.76,4,"Regular Customers"
14645,156,2,597.09,1,"Inactive Customers"
14646,1,73,280206.02,3,"High-Value Customers"
14647,200,1,243.22,1,"Inactive Customers"
14649,4,4,1417.29,2,"Occasional Customers"
14651,66,2,654.6,4,"Regular Customers"
14652,76,1,114.18,1,"Inactive Customers"
14653,0,7,1947.55,3,"High-Value Customers"
14655,7,4,1932.23,4,"Regular Customers"
14656,168,2,291.05,1,"Inactive Customers"
14657,17,4,848.22,4,"Regular Customers"
14658,4,2,247.15,2,"Occasional Customers"
14659,8,9,2529.93,3,"High-Value Customers"
14660,86,2,285.74,1,"Inactive Customers"
14661,26,1,107.95,2,"Occasional Customers"
14662,28,4,771.17,4,"Regular Customers"
14664,19,2,637.89,2,"Occasional Customers"
14665,60,5,1835.7,4,"Regular Customers"
14666,23,1,195.25,2,"Occasional Customers"
14667,10,25,9241.2,3,"High-Value Customers"
14669,241,3,1269.99,4,"Regular Customers"
14670,279,2,411.53,1,"Inactive Customers"
14672,234,2,765.55,1,"Inactive Customers"
14673,2,5,1736.4,3,"High-Value Customers"
14675,15,1,604.75,2,"Occasional Customers"
14676,30,6,2548.24,4,"Regular Customers"
14680,24,16,28754.11,3,"High-Value Customers"
14681,70,3,498.95,4,"Regular Customers"
14682,187,2,52,1,"Inactive Customers"
14684,25,5,1236.28,4,"Regular Customers"
14687,106,1,628.38,1,"Inactive Customers"
14688,7,21,5630.87,3,"High-Value Customers"
14689,208,1,112.8,1,"Inactive Customers"
14690,43,2,371.7,2,"Occasional Customers"
14691,30,5,2114.33,4,"Regular Customers"
14692,136,4,591.55,4,"Regular Customers"
14693,264,1,172.9,1,"Inactive Customers"
14696,3,7,2078.95,3,"High-Value Customers"
14697,217,2,188.61,1,"Inactive Customers"
14698,1,5,1250.76,3,"High-Value Customers"
14699,213,1,109.13,1,"Inactive Customers"
14700,31,3,2235.3,4,"Regular Customers"
14701,10,9,2549.37,3,"High-Value Customers"
14702,0,17,3292.14,3,"High-Value Customers"
14703,14,1,318.17,2,"Occasional Customers"
14704,10,9,1546.91,3,"High-Value Customers"
14705,198,1,179,1,"Inactive Customers"
14708,2,3,1126.37,2,"Occasional Customers"
14709,14,13,4921.04,3,"High-Value Customers"
14710,13,4,606.13,2,"Occasional Customers"
14711,9,11,2868.8,3,"High-Value Customers"
14712,28,3,917.07,4,"Regular Customers"
14713,8,11,2666.36,3,"High-Value Customers"
14714,23,1,160.19,2,"Occasional Customers"
14715,24,4,867.38,4,"Regular Customers"
14716,42,2,329.68,2,"Occasional Customers"
14719,1,5,1602.13,3,"High-Value Customers"
14720,5,3,663.81,2,"Occasional Customers"
14722,146,1,187.92,1,"Inactive Customers"
14723,9,6,1158.3,4,"Regular Customers"
14725,24,1,718.08,2,"Occasional Customers"
14727,273,1,268.58,1,"Inactive Customers"
14729,373,1,313.49,1,"Inactive Customers"
14730,0,8,2005.06,3,"High-Value Customers"
14731,46,3,380.02,2,"Occasional Customers"
14732,7,8,2702.49,3,"High-Value Customers"
14733,15,12,9585.91,3,"High-Value Customers"
14735,3,32,6065.69,3,"High-Value Customers"
14737,3,3,1164.55,2,"Occasional Customers"
14738,42,7,1314.45,4,"Regular Customers"
14739,3,7,3902.28,3,"High-Value Customers"
14740,196,3,1448.21,4,"Regular Customers"
14741,11,6,1400.34,4,"Regular Customers"
14744,15,7,1099.98,4,"Regular Customers"
14745,112,5,1220.26,4,"Regular Customers"
14747,248,1,328.2,1,"Inactive Customers"
14748,28,5,1415.75,4,"Regular Customers"
14752,43,1,389.64,1,"Inactive Customers"
14753,86,1,563.15,1,"Inactive Customers"
14754,44,2,638.05,2,"Occasional Customers"
14755,9,11,5010.28,3,"High-Value Customers"
14756,14,1,738.96,2,"Occasional Customers"
14757,74,1,420.5,1,"Inactive Customers"
14758,144,4,1484.06,4,"Regular Customers"
14759,4,3,1625.97,2,"Occasional Customers"
14760,296,1,89.2,1,"Inactive Customers"
14761,58,2,255.9,1,"Inactive Customers"
14762,263,1,300.52,1,"Inactive Customers"
14764,46,1,278.3,1,"Inactive Customers"
14765,28,3,254.11,2,"Occasional Customers"
14766,7,6,2473.37,3,"High-Value Customers"
14768,16,2,192.6,2,"Occasional Customers"
14769,2,8,10674.75,3,"High-Value Customers"
14770,231,2,876.42,1,"Inactive Customers"
14772,111,1,139.26,1,"Inactive Customers"
14775,57,3,1011.9,4,"Regular Customers"
14776,50,11,2538.3,4,"Regular Customers"
14778,126,2,730.86,1,"Inactive Customers"
14779,280,3,386.15,1,"Inactive Customers"
14780,54,2,447.68,1,"Inactive Customers"
14782,319,1,200.1,1,"Inactive Customers"
14784,25,2,289.99,2,"Occasional Customers"
14785,9,2,77.4,2,"Occasional Customers"
14788,6,2,679.44,2,"Occasional Customers"
14789,28,1,197.64,2,"Occasional Customers"
14790,16,4,745.06,2,"Occasional Customers"
14792,63,1,6.2,1,"Inactive Customers"
14793,20,1,228.99,2,"Occasional Customers"
14794,2,7,1319.91,3,"High-Value Customers"
14795,165,1,131.45,1,"Inactive Customers"
14796,0,17,8022.49,3,"High-Value Customers"
14798,52,3,173.74,1,"Inactive Customers"
14799,50,1,157.7,1,"Inactive Customers"
14800,47,12,4339.74,3,"High-Value Customers"
14801,60,1,193.14,1,"Inactive Customers"
14803,161,3,845.55,4,"Regular Customers"
14804,8,1,353.27,2,"Occasional Customers"
14805,14,4,554.65,2,"Occasional Customers"
14806,74,1,193.39,1,"Inactive Customers"
14808,39,8,2741.17,4,"Regular Customers"
14810,40,11,2087.88,4,"Regular Customers"
14813,369,2,155.43,1,"Inactive Customers"
14815,36,2,778.5,2,"Occasional Customers"
14816,196,1,271.85,1,"Inactive Customers"
14817,199,2,1110.34,4,"Regular Customers"
14818,73,3,657.8,4,"Regular Customers"
14819,63,2,272.07,1,"Inactive Customers"
14820,20,4,507.29,2,"Occasional Customers"
14821,366,1,48.8,1,"Inactive Customers"
14823,179,3,321.43,1,"Inactive Customers"
14824,9,4,1127.71,2,"Occasional Customers"
14825,3,12,2226.91,3,"High-Value Customers"
14828,196,3,2139.76,4,"Regular Customers"
14829,28,4,697.55,4,"Regular Customers"
14830,52,1,197.13,1,"Inactive Customers"
14834,17,6,1720.3,4,"Regular Customers"
14836,9,3,102.45,2,"Occasional Customers"
14837,89,4,1649.5,4,"Regular Customers"
14840,267,1,62.85,1,"Inactive Customers"
14841,52,6,3295.76,4,"Regular Customers"
14842,43,4,2824.69,4,"Regular Customers"
14844,63,4,3189.81,4,"Regular Customers"
14847,148,1,309.4,1,"Inactive Customers"
14849,21,25,7930.54,3,"High-Value Customers"
14850,311,1,325.75,1,"Inactive Customers"
14851,22,2,511.35,2,"Occasional Customers"
14852,57,6,2836.69,4,"Regular Customers"
14853,23,2,475.8,2,"Occasional Customers"
14854,77,7,2759.83,4,"Regular Customers"
14855,118,2,645.65,1,"Inactive Customers"
14856,35,3,1311.38,4,"Regular Customers"
14857,59,2,1173.12,4,"Regular Customers"
14859,12,4,1353.74,4,"Regular Customers"
14860,18,1,170.32,2,"Occasional Customers"
14861,51,1,125.79,1,"Inactive Customers"
14862,25,2,841.2,2,"Occasional Customers"
14863,28,1,266.76,2,"Occasional Customers"
14865,6,2,52.2,2,"Occasional Customers"
14866,10,12,14389.9,3,"High-Value Customers"
14867,185,3,710.28,4,"Regular Customers"
14868,2,8,2953.59,3,"High-Value Customers"
14869,8,2,725.7,2,"Occasional Customers"
14870,261,1,327.25,1,"Inactive Customers"
14871,2,4,522.38,2,"Occasional Customers"
14873,209,1,519.68,1,"Inactive Customers"
14875,107,2,1465.32,4,"Regular Customers"
14878,12,9,1485.54,3,"High-Value Customers"
14880,76,3,706.19,4,"Regular Customers"
14881,19,1,255.4,2,"Occasional Customers"
14882,26,2,589.7,2,"Occasional Customers"
14883,18,6,761.59,4,"Regular Customers"
14885,131,1,765.32,1,"Inactive Customers"
14886,252,1,364.8,1,"Inactive Customers"
14887,78,1,1862,4,"Regular Customers"
14888,206,1,369.2,1,"Inactive Customers"
14889,335,1,135.9,1,"Inactive Customers"
14890,253,1,125.65,1,"Inactive Customers"
14891,147,2,554.38,1,"Inactive Customers"
14893,9,2,1237.85,2,"Occasional Customers"
14894,84,1,655.75,1,"Inactive Customers"
14895,7,20,11138.71,3,"High-Value Customers"
14896,204,2,468.77,1,"Inactive Customers"
14897,7,4,1366.38,2,"Occasional Customers"
14898,22,6,1303.52,4,"Regular Customers"
14901,10,9,1421.29,3,"High-Value Customers"
14902,25,1,332.66,2,"Occasional Customers"
14903,20,5,2810.63,4,"Regular Customers"
14904,1,2,1025.44,2,"Occasional Customers"
14905,157,2,616.15,1,"Inactive Customers"
14907,2,7,3501.1,3,"High-Value Customers"
14908,73,1,277.8,1,"Inactive Customers"
14910,2,4,434.35,2,"Occasional Customers"
14911,0,201,143825.06,3,"High-Value Customers"
14912,16,2,867.85,2,"Occasional Customers"
14913,35,4,1227.43,4,"Regular Customers"
14915,90,2,307.48,1,"Inactive Customers"
14916,70,4,1268.98,4,"Regular Customers"
14918,115,2,1610.15,4,"Regular Customers"
14920,212,2,977.77,1,"Inactive Customers"
14921,29,2,1316.07,4,"Regular Customers"
14923,50,1,749.1,1,"Inactive Customers"
14924,245,1,310.05,1,"Inactive Customers"
14929,31,1,223.88,2,"Occasional Customers"
14930,108,3,2372.86,4,"Regular Customers"
14931,4,5,1257.68,3,"High-Value Customers"
14932,365,1,363.53,1,"Inactive Customers"
14934,81,2,1890.94,4,"Regular Customers"
14935,296,1,1784.71,1,"Inactive Customers"
14936,33,8,8137.02,3,"High-Value Customers"
14937,56,3,1621.88,4,"Regular Customers"
14944,29,12,5900.25,3,"High-Value Customers"
14946,13,1,100.9,2,"Occasional Customers"
14947,71,2,290.82,1,"Inactive Customers"
14948,22,6,1101.97,4,"Regular Customers"
14950,18,1,371.2,2,"Occasional Customers"
14951,78,1,311.69,1,"Inactive Customers"
14952,59,11,8099.49,3,"High-Value Customers"
14953,24,1,289.82,2,"Occasional Customers"
14954,11,1,336.17,2,"Occasional Customers"
14957,252,1,58.49,1,"Inactive Customers"
14958,146,3,499.68,1,"Inactive Customers"
14959,63,4,695.42,4,"Regular Customers"
14960,7,2,221.27,2,"Occasional Customers"
14961,10,9,7044.68,3,"High-Value Customers"
14962,270,1,126.7,1,"Inactive Customers"
14963,9,5,1487.8,4,"Regular Customers"
14964,246,1,206.21,1,"Inactive Customers"
14965,95,2,599,1,"Inactive Customers"
14966,14,1,191.32,2,"Occasional Customers"
14967,49,1,463.8,1,"Inactive Customers"
14968,29,1,147.59,2,"Occasional Customers"
14970,67,4,1592.06,4,"Regular Customers"
14971,34,3,1116.57,4,"Regular Customers"
14972,127,1,114.77,1,"Inactive Customers"
14973,106,3,1314.45,4,"Regular Customers"
14974,36,1,114.39,1,"Inactive Customers"
14975,56,1,279.94,1,"Inactive Customers"
14976,56,7,790.86,4,"Regular Customers"
14978,71,5,1931.42,4,"Regular Customers"
14981,245,1,102.12,1,"Inactive Customers"
14984,18,2,213.27,2,"Occasional Customers"
14985,197,2,296.75,1,"Inactive Customers"
14987,15,2,326.4,2,"Occasional Customers"
14988,211,1,334.54,1,"Inactive Customers"
14995,38,2,233.23,2,"Occasional Customers"
14997,45,3,546.2,4,"Regular Customers"
14998,169,2,429.87,1,"Inactive Customers"
15000,47,1,490.52,1,"Inactive Customers"
15002,115,4,1641.76,4,"Regular Customers"
15004,146,1,1246.32,1,"Inactive Customers"
15005,15,28,6316.57,3,"High-Value Customers"
15006,50,1,502.09,1,"Inactive Customers"
15007,158,1,156.91,1,"Inactive Customers"
15009,11,3,1261.78,2,"Occasional Customers"
15010,35,1,308.94,2,"Occasional Customers"
15012,53,2,423.04,1,"Inactive Customers"
15014,42,2,260.17,2,"Occasional Customers"
15016,172,1,170.04,1,"Inactive Customers"
15017,33,1,125.58,1,"Inactive Customers"
15018,38,3,496.21,2,"Occasional Customers"
15019,266,1,266,1,"Inactive Customers"
15021,8,9,1914.82,3,"High-Value Customers"
15022,11,4,905.04,2,"Occasional Customers"
15023,2,11,6802.76,3,"High-Value Customers"
15024,9,10,1661.33,3,"High-Value Customers"
15025,32,1,377.01,2,"Occasional Customers"
15026,79,3,469,4,"Regular Customers"
15027,30,4,1066.15,4,"Regular Customers"
15028,7,4,627.13,2,"Occasional Customers"
15030,71,2,518.28,1,"Inactive Customers"
15031,3,4,668.14,2,"Occasional Customers"
15032,255,3,4959.1,4,"Regular Customers"
15033,4,10,2586.67,3,"High-Value Customers"
15034,15,8,4308.61,3,"High-Value Customers"
15035,89,1,252.73,1,"Inactive Customers"
15036,71,3,465.55,4,"Regular Customers"
15038,58,6,705.49,4,"Regular Customers"
15039,9,47,19914.44,3,"High-Value Customers"
15041,169,1,180.35,1,"Inactive Customers"
15042,198,1,135.93,1,"Inactive Customers"
15043,30,1,537,2,"Occasional Customers"
15044,18,17,7700.23,3,"High-Value Customers"
15045,151,2,735.66,1,"Inactive Customers"
15046,8,15,5213.77,3,"High-Value Customers"
15047,269,1,343.62,1,"Inactive Customers"
15048,64,4,384.05,4,"Regular Customers"
15049,273,1,121.17,1,"Inactive Customers"
15050,24,3,1782.09,4,"Regular Customers"
15051,22,3,1391.61,4,"Regular Customers"
15052,318,1,215.78,1,"Inactive Customers"
15053,4,3,697.79,2,"Occasional Customers"
15054,11,2,302.1,2,"Occasional Customers"
15057,274,2,1489.5,4,"Regular Customers"
15058,24,11,2124.99,3,"High-Value Customers"
15059,40,9,1337.72,4,"Regular Customers"
15060,7,4,303.09,2,"Occasional Customers"
15061,3,48,54534.14,3,"High-Value Customers"
15062,70,4,987.86,4,"Regular Customers"
15063,212,1,370.8,1,"Inactive Customers"
15065,37,4,3158.13,4,"Regular Customers"
15066,52,1,893.59,1,"Inactive Customers"
15067,77,3,1744.76,4,"Regular Customers"
15068,45,2,553.36,2,"Occasional Customers"
15069,178,1,1109.53,1,"Inactive Customers"
15070,372,1,106.2,1,"Inactive Customers"
15071,93,2,982.07,4,"Regular Customers"
15073,9,3,1043.41,2,"Occasional Customers"
15074,104,1,748.87,1,"Inactive Customers"
15075,77,1,773.03,1,"Inactive Customers"
15076,172,1,880.85,1,"Inactive Customers"
15078,6,32,9743.11,3,"High-Value Customers"
15079,212,4,895.61,4,"Regular Customers"
15081,21,5,504.8,4,"Regular Customers"
15083,256,1,88.2,1,"Inactive Customers"
15087,281,1,306.94,1,"Inactive Customers"
15088,20,2,1160.07,2,"Occasional Customers"
15089,9,6,2420.84,3,"High-Value Customers"
15090,307,1,381.32,1,"Inactive Customers"
15091,67,1,480.71,1,"Inactive Customers"
15092,214,2,457.81,1,"Inactive Customers"
15093,17,6,4597.02,3,"High-Value Customers"
15095,103,4,1370.6,4,"Regular Customers"
15096,42,1,219.39,1,"Inactive Customers"
15097,3,1,248.08,2,"Occasional Customers"
15098,181,3,39916.5,4,"Regular Customers"
15099,83,1,410.48,1,"Inactive Customers"
15100,333,3,876,1,"Inactive Customers"
15101,8,2,317.53,2,"Occasional Customers"
15103,30,2,703.36,2,"Occasional Customers"
15104,196,2,1027.44,1,"Inactive Customers"
15105,17,7,2298.93,3,"High-Value Customers"
15106,17,5,1422.52,4,"Regular Customers"
15107,310,6,319.5,1,"Inactive Customers"
15108,141,4,1300.25,4,"Regular Customers"
15109,245,1,484.95,1,"Inactive Customers"
15110,23,4,996.1,4,"Regular Customers"
15111,28,3,1567.48,4,"Regular Customers"
15113,9,3,3609.33,4,"Regular Customers"
15114,29,10,2760.56,3,"High-Value Customers"
15115,17,1,340.11,2,"Occasional Customers"
15116,17,4,1352.75,4,"Regular Customers"
15117,14,5,1551.78,4,"Regular Customers"
15118,133,1,244.8,1,"Inactive Customers"
15119,245,1,266.4,1,"Inactive Customers"
15120,133,1,358.82,1,"Inactive Customers"
15121,49,2,457.72,2,"Occasional Customers"
15122,113,3,1633.78,4,"Regular Customers"
15123,6,2,2199.31,2,"Occasional Customers"
15124,22,2,184.19,2,"Occasional Customers"
15125,24,15,11528.48,3,"High-Value Customers"
15127,65,1,406.53,1,"Inactive Customers"
15128,59,4,1471,4,"Regular Customers"
15129,49,11,3447.4,3,"High-Value Customers"
15130,169,1,330.11,1,"Inactive Customers"
15132,17,5,977.93,4,"Regular Customers"
15133,127,3,982.42,4,"Regular Customers"
15134,14,8,1387.99,3,"High-Value Customers"
15135,238,1,139.05,1,"Inactive Customers"
15136,2,4,1286.7,2,"Occasional Customers"
15139,239,2,178.96,1,"Inactive Customers"
15140,51,7,2354.25,4,"Regular Customers"
15142,45,1,498.74,1,"Inactive Customers"
15143,225,1,259.45,1,"Inactive Customers"
15144,7,17,6580.44,3,"High-Value Customers"
15145,3,4,1194.73,2,"Occasional Customers"
15146,164,2,1327.16,4,"Regular Customers"
15147,239,1,623.5,1,"Inactive Customers"
15148,10,1,301.29,2,"Occasional Customers"
15149,133,1,520.8,1,"Inactive Customers"
15150,16,10,5314.47,3,"High-Value Customers"
15152,9,13,4745.69,3,"High-Value Customers"
15153,30,1,329.25,2,"Occasional Customers"
15154,74,1,296.42,1,"Inactive Customers"
15156,0,3,961.49,2,"Occasional Customers"
15157,3,3,1936.07,2,"Occasional Customers"
15158,44,1,401.4,1,"Inactive Customers"
15159,1,30,18641.01,3,"High-Value Customers"
15160,356,1,158.16,1,"Inactive Customers"
15163,17,2,304.47,2,"Occasional Customers"
15164,68,3,843.05,4,"Regular Customers"
15165,372,1,487.75,1,"Inactive Customers"
15167,320,1,163,1,"Inactive Customers"
15168,25,1,106.56,2,"Occasional Customers"
15171,330,1,1289.5,1,"Inactive Customers"
15172,8,5,1624.05,4,"Regular Customers"
15174,322,1,135.75,1,"Inactive Customers"
15175,71,1,224.14,1,"Inactive Customers"
15178,259,1,40.5,1,"Inactive Customers"
15179,17,5,2206.95,4,"Regular Customers"
15180,366,1,87.5,1,"Inactive Customers"
15181,65,3,689.48,4,"Regular Customers"
15182,153,2,622.85,1,"Inactive Customers"
15184,28,2,406.76,2,"Occasional Customers"
15185,69,1,310.62,1,"Inactive Customers"
15186,13,2,411.41,2,"Occasional Customers"
15187,1,16,4777.18,3,"High-Value Customers"
15189,0,41,16225.39,3,"High-Value Customers"
15192,119,3,1044.32,4,"Regular Customers"
15193,60,1,499.32,1,"Inactive Customers"
15194,2,15,7616.53,3,"High-Value Customers"
15195,2,1,3861,2,"Occasional Customers"
15197,10,3,1079.61,2,"Occasional Customers"
15198,91,2,193.64,1,"Inactive Customers"
15199,58,4,1268.7,4,"Regular Customers"
15201,86,5,1236.54,4,"Regular Customers"
15203,25,6,1827.8,4,"Regular Customers"
15204,356,1,316.58,1,"Inactive Customers"
15205,84,2,653.24,1,"Inactive Customers"
15206,9,4,420.3,2,"Occasional Customers"
15208,0,5,870.12,3,"High-Value Customers"
15210,224,1,331.18,1,"Inactive Customers"
15211,59,2,894.41,4,"Regular Customers"
15212,240,1,101.8,1,"Inactive Customers"
15213,318,2,328.35,1,"Inactive Customers"
15214,1,8,1661.44,3,"High-Value Customers"
15215,46,3,734.94,4,"Regular Customers"
15216,87,1,96.6,1,"Inactive Customers"
15218,10,11,5756.89,3,"High-Value Customers"
15219,175,1,305.75,1,"Inactive Customers"
15220,51,6,1778.96,4,"Regular Customers"
15221,365,1,403.25,1,"Inactive Customers"
15222,318,1,585,1,"Inactive Customers"
15223,225,2,755.75,1,"Inactive Customers"
15224,357,2,322.08,1,"Inactive Customers"
15225,233,1,409.4,1,"Inactive Customers"
15226,310,1,154.41,1,"Inactive Customers"
15227,36,5,1219.4,4,"Regular Customers"
15228,65,4,3386.71,4,"Regular Customers"
15230,238,2,429.6,1,"Inactive Customers"
15232,112,2,612.06,1,"Inactive Customers"
15234,276,1,197,1,"Inactive Customers"
15235,217,12,2247.51,4,"Regular Customers"
15236,298,1,321.05,1,"Inactive Customers"
15237,1,4,1412.32,3,"High-Value Customers"
15238,28,3,1071.99,4,"Regular Customers"
15239,9,2,780.59,2,"Occasional Customers"
15240,44,5,1706.57,4,"Regular Customers"
15241,66,8,1756.44,4,"Regular Customers"
15243,73,1,316.68,1,"Inactive Customers"
15244,64,2,631.57,4,"Regular Customers"
15245,133,3,2515.84,4,"Regular Customers"
15246,237,2,514.15,1,"Inactive Customers"
15247,121,1,356,1,"Inactive Customers"
15249,31,13,6688.46,3,"High-Value Customers"
15251,8,11,10484.99,3,"High-Value Customers"
15252,35,2,740.78,2,"Occasional Customers"
15253,15,5,918.2,4,"Regular Customers"
15254,126,1,300.36,1,"Inactive Customers"
15255,66,1,890.85,1,"Inactive Customers"
15256,148,1,98.45,1,"Inactive Customers"
15257,282,1,317.15,1,"Inactive Customers"
15258,168,2,623.16,1,"Inactive Customers"
15260,99,7,1810.77,4,"Regular Customers"
15261,134,1,254.82,1,"Inactive Customers"
15262,323,1,178.95,1,"Inactive Customers"
15263,106,1,156.51,1,"Inactive Customers"
15264,63,1,393.74,1,"Inactive Customers"
15265,150,2,1506.12,4,"Regular Customers"
15266,337,1,119.3,1,"Inactive Customers"
15267,21,5,1717.36,4,"Regular Customers"
15269,23,1,408.8,2,"Occasional Customers"
15270,15,7,2379.49,3,"High-Value Customers"
15271,6,15,2507.07,3,"High-Value Customers"
15272,56,2,721.94,4,"Regular Customers"
15274,3,2,716.57,2,"Occasional Customers"
15275,37,1,615.14,2,"Occasional Customers"
15276,65,1,135.31,1,"Inactive Customers"
15277,46,1,255.9,1,"Inactive Customers"
15279,354,1,290.51,1,"Inactive Customers"
15280,171,1,113.12,1,"Inactive Customers"
15281,58,9,2332.15,4,"Regular Customers"
15286,49,1,240.55,1,"Inactive Customers"
15287,21,2,486.69,2,"Occasional Customers"
15288,42,5,2306.52,4,"Regular Customers"
15289,28,3,939.78,4,"Regular Customers"
15290,4,18,7943.22,3,"High-Value Customers"
15291,25,15,4668.3,3,"High-Value Customers"
15292,200,1,180.94,1,"Inactive Customers"
15296,50,6,3672.86,4,"Regular Customers"
15297,9,3,641.94,2,"Occasional Customers"
15298,1,12,4799.9,3,"High-Value Customers"
15299,66,7,4507.01,4,"Regular Customers"
15300,63,1,496.44,1,"Inactive Customers"
15301,50,12,5070.35,3,"High-Value Customers"
15303,289,1,574.02,1,"Inactive Customers"
15304,60,8,694.4,4,"Regular Customers"
15306,63,3,1174.35,4,"Regular Customers"
15307,95,1,205.3,1,"Inactive Customers"
15308,273,1,310.47,1,"Inactive Customers"
15311,0,91,60767.9,3,"High-Value Customers"
15312,74,4,924.85,4,"Regular Customers"
15313,109,1,52,1,"Inactive Customers"
15314,198,1,327.97,1,"Inactive Customers"
15315,63,2,570.5,1,"Inactive Customers"
15316,326,1,165,1,"Inactive Customers"
15318,3,1,312.62,2,"Occasional Customers"
15319,283,1,204.5,1,"Inactive Customers"
15320,43,1,267.13,1,"Inactive Customers"
15321,70,3,2748.31,4,"Regular Customers"
15322,85,1,679.68,1,"Inactive Customers"
15325,103,1,162.29,1,"Inactive Customers"
15326,333,1,311.71,1,"Inactive Customers"
15327,52,1,208.75,1,"Inactive Customers"
15329,38,3,1049.7,4,"Regular Customers"
15330,31,2,714.96,2,"Occasional Customers"
15332,365,4,1661.06,4,"Regular Customers"
15333,207,1,1028.56,1,"Inactive Customers"
15334,156,3,351.67,1,"Inactive Customers"
15335,53,1,173.97,1,"Inactive Customers"
15339,65,2,574.07,1,"Inactive Customers"
15341,80,1,2020.52,4,"Regular Customers"
15342,129,1,406.09,1,"Inactive Customers"
15343,86,1,364.5,1,"Inactive Customers"
15344,0,3,563.94,2,"Occasional Customers"
15345,45,1,393.54,1,"Inactive Customers"
15346,332,1,252.42,1,"Inactive Customers"
15347,365,1,201.6,1,"Inactive Customers"
15348,71,1,158.04,1,"Inactive Customers"
15349,157,2,473.81,1,"Inactive Customers"
15350,372,1,115.65,1,"Inactive Customers"
15351,11,7,1960.11,3,"High-Value Customers"
15353,254,2,777.02,1,"Inactive Customers"
15355,28,2,277.05,2,"Occasional Customers"
15356,30,10,2766.5,3,"High-Value Customers"
15358,4,22,8347.2,3,"High-Value Customers"
15360,39,1,427.93,2,"Occasional Customers"
15361,361,1,418.92,1,"Inactive Customers"
15363,372,1,326,1,"Inactive Customers"
15364,95,2,913.19,4,"Regular Customers"
15365,25,7,2314.32,4,"Regular Customers"
15366,74,2,602.51,1,"Inactive Customers"
15367,56,4,1877.59,4,"Regular Customers"
15368,20,1,446.94,2,"Occasional Customers"
15370,40,7,2386.05,4,"Regular Customers"
15372,136,1,2007.4,4,"Regular Customers"
15373,7,12,2415.91,3,"High-Value Customers"
15374,128,1,168,1,"Inactive Customers"
15376,39,3,1233.36,4,"Regular Customers"
15379,168,7,3703.29,4,"Regular Customers"
15380,8,5,1690.26,4,"Regular Customers"
15381,213,2,596.85,1,"Inactive Customers"
15382,14,6,5955.71,3,"High-Value Customers"
15384,169,2,642.41,1,"Inactive Customers"
15385,39,1,316.88,1,"Inactive Customers"
15386,185,1,394.14,1,"Inactive Customers"
15388,269,1,140.54,1,"Inactive Customers"
15389,171,1,500,1,"Inactive Customers"
15392,4,4,1535.53,2,"Occasional Customers"
15393,15,2,231.86,2,"Occasional Customers"
15394,9,4,2183.54,4,"Regular Customers"
15395,325,1,107.45,1,"Inactive Customers"
15396,112,1,288.18,1,"Inactive Customers"
15397,289,1,94,1,"Inactive Customers"
15398,15,2,1345.53,2,"Occasional Customers"
15399,0,3,815.77,2,"Occasional Customers"
15400,91,5,716.2,4,"Regular Customers"
15402,148,2,626.77,1,"Inactive Customers"
15405,188,1,349.1,1,"Inactive Customers"
15406,30,2,510.71,2,"Occasional Customers"
15407,33,4,1056.44,4,"Regular Customers"
15408,263,1,267.18,1,"Inactive Customers"
15410,83,8,3450.84,4,"Regular Customers"
15411,25,4,1358.88,4,"Regular Customers"
15412,170,1,190.53,1,"Inactive Customers"
15414,9,3,774.9,2,"Occasional Customers"
15415,312,1,572.81,1,"Inactive Customers"
15416,64,4,3984.32,4,"Regular Customers"
15417,84,1,508.8,1,"Inactive Customers"
15419,24,1,135.86,2,"Occasional Customers"
15421,58,4,950.36,4,"Regular Customers"
15422,322,2,97.7,1,"Inactive Customers"
15423,37,1,43.5,1,"Inactive Customers"
15424,253,2,383.34,1,"Inactive Customers"
15426,18,5,1447.39,4,"Regular Customers"
15427,32,3,1483.14,4,"Regular Customers"
15428,14,1,93.78,2,"Occasional Customers"
15429,26,2,397.35,2,"Occasional Customers"
15432,22,1,171.19,2,"Occasional Customers"
15433,213,2,533.3,1,"Inactive Customers"
15434,7,5,1041.48,2,"Occasional Customers"
15435,21,1,149.29,2,"Occasional Customers"
15436,11,3,1122.53,2,"Occasional Customers"
15437,261,1,200.16,1,"Inactive Customers"
15438,130,1,156.58,1,"Inactive Customers"
15440,54,3,383.68,4,"Regular Customers"
15442,248,1,594,1,"Inactive Customers"
15443,1,7,3236.91,3,"High-Value Customers"
15444,8,2,1418.26,2,"Occasional Customers"
15445,263,1,113.5,1,"Inactive Customers"
15447,330,1,155.17,1,"Inactive Customers"
15448,312,1,494.64,1,"Inactive Customers"
15449,25,3,974.52,4,"Regular Customers"
15450,29,1,429.84,2,"Occasional Customers"
15452,29,3,538.73,2,"Occasional Customers"
15453,1,7,1388.37,3,"High-Value Customers"
15454,361,1,179.1,1,"Inactive Customers"
15456,282,3,447.22,1,"Inactive Customers"
15457,261,1,237.07,1,"Inactive Customers"
15458,24,1,161.64,2,"Occasional Customers"
15460,353,1,216.76,1,"Inactive Customers"
15462,93,3,234.6,1,"Inactive Customers"
15463,28,1,126.14,2,"Occasional Customers"
15464,337,1,1048.85,1,"Inactive Customers"
15465,19,18,7354.62,3,"High-Value Customers"
15466,84,1,334.53,1,"Inactive Customers"
15467,8,3,524.88,2,"Occasional Customers"
15468,50,2,467.51,2,"Occasional Customers"
15469,49,2,538.55,2,"Occasional Customers"
15471,1,1,469.48,2,"Occasional Customers"
15472,112,1,371.56,1,"Inactive Customers"
15473,13,7,1771.2,3,"High-Value Customers"
15475,76,1,454.11,1,"Inactive Customers"
15478,39,2,1441.42,4,"Regular Customers"
15480,115,1,905.5,1,"Inactive Customers"
15482,15,12,11054.96,3,"High-Value Customers"
15483,160,4,233.81,1,"Inactive Customers"
15484,0,4,3594.31,3,"High-Value Customers"
15485,29,3,2575,4,"Regular Customers"
15488,92,1,91.32,1,"Inactive Customers"
15489,22,3,1134.28,4,"Regular Customers"
15491,94,6,3100.09,4,"Regular Customers"
15492,27,2,659.46,2,"Occasional Customers"
15493,32,5,2001.8,4,"Regular Customers"
15494,20,2,1299.23,2,"Occasional Customers"
15497,17,2,1262.2,2,"Occasional Customers"
15498,2,27,13316.4,3,"High-Value Customers"
15500,7,4,1131.56,2,"Occasional Customers"
15502,15,12,10384.93,3,"High-Value Customers"
15503,362,1,147.09,1,"Inactive Customers"
15504,80,1,52.83,1,"Inactive Customers"
15505,52,5,3610.96,4,"Regular Customers"
15506,22,3,979.26,4,"Regular Customers"
15507,171,1,492.36,1,"Inactive Customers"
15508,188,6,1000.27,4,"Regular Customers"
15510,330,1,250,1,"Inactive Customers"
15511,11,5,909.23,4,"Regular Customers"
15512,155,2,121,1,"Inactive Customers"
15513,32,19,14758.22,3,"High-Value Customers"
15514,11,11,4139.46,3,"High-Value Customers"
15516,44,3,62.43,1,"Inactive Customers"
15517,232,1,267.03,1,"Inactive Customers"
15518,63,8,1942.45,4,"Regular Customers"
15520,1,1,343.5,2,"Occasional Customers"
15521,39,8,3000.2,4,"Regular Customers"
15522,32,2,398.84,2,"Occasional Customers"
15523,83,1,412.01,1,"Inactive Customers"
15524,24,1,440,2,"Occasional Customers"
15525,1,3,825.92,2,"Occasional Customers"
15526,32,2,148.44,2,"Occasional Customers"
15527,18,8,2429.78,3,"High-Value Customers"
15528,253,1,229.33,1,"Inactive Customers"
15529,22,11,3995.23,3,"High-Value Customers"
15530,21,4,1502.35,4,"Regular Customers"
15531,7,2,2007.44,2,"Occasional Customers"
15532,24,4,1580.93,4,"Regular Customers"
15533,18,3,807.57,2,"Occasional Customers"
15535,172,4,536.4,4,"Regular Customers"
15537,162,1,110.92,1,"Inactive Customers"
15539,6,1,538.46,2,"Occasional Customers"
15540,10,1,213.3,2,"Occasional Customers"
15541,113,1,85.13,1,"Inactive Customers"
15543,287,1,127.86,1,"Inactive Customers"
15544,8,9,3546.71,3,"High-Value Customers"
15545,53,2,292.72,1,"Inactive Customers"
15547,6,14,4954.84,3,"High-Value Customers"
15549,76,3,1693.26,4,"Regular Customers"
15550,3,4,575.63,2,"Occasional Customers"
15551,36,1,436.06,2,"Occasional Customers"
15552,216,1,90.12,1,"Inactive Customers"
15553,59,1,437.23,1,"Inactive Customers"
15554,277,1,217.2,1,"Inactive Customers"
15555,11,16,4805.17,3,"High-Value Customers"
15556,23,1,279.77,2,"Occasional Customers"
15557,28,1,473.65,2,"Occasional Customers"
15561,11,4,800.59,2,"Occasional Customers"
15562,351,1,134.55,1,"Inactive Customers"
15563,21,4,1400.44,4,"Regular Customers"
15565,49,2,173.16,1,"Inactive Customers"
15567,18,1,186.01,2,"Occasional Customers"
15568,2,3,758.29,2,"Occasional Customers"
15569,103,5,1375.71,4,"Regular Customers"
15570,6,12,4165.52,3,"High-Value Customers"
15571,11,4,650.43,2,"Occasional Customers"
15572,4,7,2552.86,3,"High-Value Customers"
15573,31,2,607.45,2,"Occasional Customers"
15574,177,4,702.25,4,"Regular Customers"
15576,37,1,940.67,2,"Occasional Customers"
15577,150,3,258.88,1,"Inactive Customers"
15578,161,1,127.1,1,"Inactive Customers"
15579,68,2,348.6,1,"Inactive Customers"
15581,120,13,3679.97,4,"Regular Customers"
15582,24,3,682.91,2,"Occasional Customers"
15584,23,4,725.11,4,"Regular Customers"
15585,176,1,455.3,1,"Inactive Customers"
15587,49,4,913.68,4,"Regular Customers"
15589,255,3,478.53,1,"Inactive Customers"
15592,46,1,388.58,1,"Inactive Customers"
15593,70,1,199.8,1,"Inactive Customers"
15594,15,5,1771.78,4,"Regular Customers"
15596,100,5,1406.59,4,"Regular Customers"
15597,34,1,324.57,2,"Occasional Customers"
15598,52,1,240.68,1,"Inactive Customers"
15599,26,2,761.74,2,"Occasional Customers"
15601,10,14,6776.56,3,"High-Value Customers"
15602,7,9,1297.87,3,"High-Value Customers"
15603,78,1,48.48,1,"Inactive Customers"
15604,51,1,216.39,1,"Inactive Customers"
15605,35,5,1198.23,4,"Regular Customers"
15606,60,9,2920.16,4,"Regular Customers"
15607,336,1,104.76,1,"Inactive Customers"
15608,27,4,1093.68,4,"Regular Customers"
15609,183,1,298.48,1,"Inactive Customers"
15610,51,1,112.46,1,"Inactive Customers"
15611,9,13,1591.45,3,"High-Value Customers"
15612,35,2,195.15,2,"Occasional Customers"
15615,9,23,10399.74,3,"High-Value Customers"
15618,32,4,776.851,4,"Regular Customers"
15619,10,1,336.4,2,"Occasional Customers"
15620,56,3,1553.18,4,"Regular Customers"
15621,3,4,1293.03,2,"Occasional Customers"
15622,42,9,3709.56,4,"Regular Customers"
15623,140,1,301.03,1,"Inactive Customers"
15624,116,4,588.13,4,"Regular Customers"
15625,103,4,1534.26,4,"Regular Customers"
15626,74,2,675.8,4,"Regular Customers"
15628,4,9,2870.24,3,"High-Value Customers"
15630,44,2,1186.35,4,"Regular Customers"
15632,15,8,3285.31,3,"High-Value Customers"
15634,16,1,243.55,2,"Occasional Customers"
15636,89,2,724.76,1,"Inactive Customers"
15637,52,1,223.36,1,"Inactive Customers"
15639,133,1,425.32,1,"Inactive Customers"
15640,3,15,12515.66,3,"High-Value Customers"
15641,104,4,1887.2,4,"Regular Customers"
15643,191,3,664,1,"Inactive Customers"
15644,165,4,813,4,"Regular Customers"
15645,18,1,612.01,2,"Occasional Customers"
15646,157,3,447.64,1,"Inactive Customers"
15648,203,2,657.35,1,"Inactive Customers"
15649,335,2,816,1,"Inactive Customers"
15651,36,3,646.3,4,"Regular Customers"
15652,90,1,337.74,1,"Inactive Customers"
15653,92,2,877.44,4,"Regular Customers"
15654,8,2,922.53,2,"Occasional Customers"
15655,242,1,560.67,1,"Inactive Customers"
15656,44,4,748.5,4,"Regular Customers"
15657,22,1,30,1,"Inactive Customers"
15658,189,5,1024.1,4,"Regular Customers"
15659,43,1,306.45,1,"Inactive Customers"
15660,24,9,1600.86,4,"Regular Customers"
15661,316,2,309.8,1,"Inactive Customers"
15663,105,1,138.14,1,"Inactive Customers"
15664,50,1,386.43,1,"Inactive Customers"
15665,167,2,2242.01,4,"Regular Customers"
15667,39,1,301.32,1,"Inactive Customers"
15668,217,1,76.32,1,"Inactive Customers"
15669,39,4,684.34,4,"Regular Customers"
15670,296,1,173.05,1,"Inactive Customers"
15671,18,7,2657.13,3,"High-Value Customers"
15673,87,4,2881.02,4,"Regular Customers"
15674,72,5,2446.6,4,"Regular Customers"
15675,80,3,323.69,1,"Inactive Customers"
15676,18,3,3435.76,4,"Regular Customers"
15677,48,1,657.23,1,"Inactive Customers"
15678,52,1,352.7,1,"Inactive Customers"
15679,23,4,781.28,4,"Regular Customers"
15680,8,3,1333.68,2,"Occasional Customers"
15681,24,5,1426.16,4,"Regular Customers"
15683,116,1,193.75,1,"Inactive Customers"
15687,8,9,2993.1,3,"High-Value Customers"
15689,119,2,254.1,1,"Inactive Customers"
15690,3,2,239.76,2,"Occasional Customers"
15691,251,1,136.8,1,"Inactive Customers"
15692,27,1,191.04,2,"Occasional Customers"
15694,0,14,6479.4,3,"High-Value Customers"
15695,266,2,409.98,1,"Inactive Customers"
15696,32,8,2736.46,4,"Regular Customers"
15699,17,1,309.65,2,"Occasional Customers"
15700,171,2,696.68,1,"Inactive Customers"
15701,1,4,1542.14,3,"High-Value Customers"
15703,264,1,211.5,1,"Inactive Customers"
15704,139,4,2293.62,4,"Regular Customers"
15705,200,1,143.1,1,"Inactive Customers"
15706,63,4,1060.56,4,"Regular Customers"
15707,34,4,945.58,4,"Regular Customers"
15708,40,7,3364.24,4,"Regular Customers"
15709,283,1,133.25,1,"Inactive Customers"
15712,8,5,1072.36,4,"Regular Customers"
15713,142,2,356.7,1,"Inactive Customers"
15714,11,2,330.88,2,"Occasional Customers"
15716,145,4,1118.81,4,"Regular Customers"
15717,233,1,150.3,1,"Inactive Customers"
15719,32,13,5045.61,3,"High-Value Customers"
15720,23,1,598.73,2,"Occasional Customers"
15721,11,1,507.08,2,"Occasional Customers"
15722,35,5,2222.56,4,"Regular Customers"
15723,364,1,203.1,1,"Inactive Customers"
15724,200,2,218.25,1,"Inactive Customers"
15725,14,1,415.25,2,"Occasional Customers"
15727,16,7,5178.96,3,"High-Value Customers"
15729,212,1,85,1,"Inactive Customers"
15730,65,3,1120.88,4,"Regular Customers"
15732,211,2,294.12,1,"Inactive Customers"
15733,282,1,162.3,1,"Inactive Customers"
15734,114,2,1339.45,4,"Regular Customers"
15737,14,8,1205.12,3,"High-Value Customers"
15738,18,16,4812.42,3,"High-Value Customers"
15739,65,1,449.12,1,"Inactive Customers"
15740,48,1,154.88,1,"Inactive Customers"
15743,15,4,784.46,2,"Occasional Customers"
15744,77,1,34.8,1,"Inactive Customers"
15745,18,4,1094.59,4,"Regular Customers"
15746,133,1,196.88,1,"Inactive Customers"
15747,12,3,974.04,2,"Occasional Customers"
15748,39,1,149.31,1,"Inactive Customers"
15749,234,3,44534.3,4,"Regular Customers"
15750,2,8,2465.48,3,"High-Value Customers"
15752,39,7,2637.38,4,"Regular Customers"
15753,304,1,79.2,1,"Inactive Customers"
15754,50,3,458.57,4,"Regular Customers"
15755,9,6,2364.25,3,"High-Value Customers"
15756,60,4,532.96,4,"Regular Customers"
15757,65,2,714.42,4,"Regular Customers"
15758,24,1,205.25,2,"Occasional Customers"
15759,217,3,253.04,1,"Inactive Customers"
15762,64,2,583.75,1,"Inactive Customers"
15763,31,2,1086.92,4,"Regular Customers"
15764,87,6,3279.97,4,"Regular Customers"
15766,63,1,315.06,1,"Inactive Customers"
15768,115,3,621.83,4,"Regular Customers"
15769,6,26,56252.72,3,"High-Value Customers"
15773,5,1,635.68,2,"Occasional Customers"
15774,68,1,270.8,1,"Inactive Customers"
15775,244,1,104.9,1,"Inactive Customers"
15776,132,1,241.62,1,"Inactive Customers"
15777,240,4,1047.11,4,"Regular Customers"
15780,183,3,475.28,1,"Inactive Customers"
15781,24,3,345.46,2,"Occasional Customers"
15782,9,3,2614.74,4,"Regular Customers"
15783,10,1,246.3,2,"Occasional Customers"
15785,32,5,2328.97,4,"Regular Customers"
15786,45,3,4932.2,4,"Regular Customers"
15787,25,3,948.05,4,"Regular Customers"
15789,357,1,351.3,1,"Inactive Customers"
15790,9,1,220.85,2,"Occasional Customers"
15791,43,2,1612.69,4,"Regular Customers"
15793,14,3,965.61,2,"Occasional Customers"
15795,149,1,610.01,1,"Inactive Customers"
15796,0,8,2711.56,3,"High-Value Customers"
15797,112,4,2207.4,4,"Regular Customers"
15799,75,3,884.14,4,"Regular Customers"
15800,106,2,699.08,1,"Inactive Customers"
15801,45,3,1063.95,4,"Regular Customers"
15802,142,1,451.42,1,"Inactive Customers"
15803,50,1,415.82,1,"Inactive Customers"
15804,0,13,4206.39,3,"High-Value Customers"
15805,22,17,5528.48,3,"High-Value Customers"
15806,45,3,784.58,4,"Regular Customers"
15807,49,3,903.9,4,"Regular Customers"
15808,305,4,3734.97,4,"Regular Customers"
15809,35,5,515.77,4,"Regular Customers"
15810,78,4,1391.98,4,"Regular Customers"
15811,21,6,2218.62,4,"Regular Customers"
15812,106,5,1801.14,4,"Regular Customers"
15813,207,2,1303.91,4,"Regular Customers"
15814,16,4,1945.33,4,"Regular Customers"
15815,63,5,2100.6,4,"Regular Customers"
15819,48,4,1905.45,4,"Regular Customers"
15820,319,1,206.98,1,"Inactive Customers"
15821,43,2,570.96,2,"Occasional Customers"
15822,2,2,885.47,2,"Occasional Customers"
15823,371,1,15,1,"Inactive Customers"
15825,171,1,532.94,1,"Inactive Customers"
15826,55,3,1654.31,4,"Regular Customers"
15827,72,14,1836.09,4,"Regular Customers"
15829,98,2,636.14,1,"Inactive Customers"
15830,37,1,576,2,"Occasional Customers"
15831,57,3,801.76,4,"Regular Customers"
15832,253,1,836.79,1,"Inactive Customers"
15834,69,4,2233.75,4,"Regular Customers"
15835,43,4,954.09,4,"Regular Customers"
15836,49,1,137.37,1,"Inactive Customers"
15837,64,1,391.98,1,"Inactive Customers"
15838,10,19,33643.08,3,"High-Value Customers"
15839,32,3,1048.49,4,"Regular Customers"
15840,58,2,355.56,1,"Inactive Customers"
15841,72,4,1224.06,4,"Regular Customers"
15843,303,1,118.95,1,"Inactive Customers"
15844,45,1,130.74,1,"Inactive Customers"
15845,17,8,3711.77,3,"High-Value Customers"
15847,37,2,389.27,2,"Occasional Customers"
15850,18,2,238.85,2,"Occasional Customers"
15852,186,2,160.71,1,"Inactive Customers"
15853,51,1,110.8,1,"Inactive Customers"
15854,3,12,2974.65,3,"High-Value Customers"
15855,136,5,712.24,4,"Regular Customers"
15856,3,27,16387.57,3,"High-Value Customers"
15857,18,1,297,2,"Occasional Customers"
15858,15,5,1438.85,4,"Regular Customers"
15860,40,8,977.21,4,"Regular Customers"
15861,11,8,3165.36,3,"High-Value Customers"
15862,7,4,832.88,2,"Occasional Customers"
15863,25,2,68.84,2,"Occasional Customers"
15864,21,6,1936.32,4,"Regular Customers"
15865,40,3,895.13,4,"Regular Customers"
15866,100,1,230.53,1,"Inactive Customers"
15867,4,15,3812.64,3,"High-Value Customers"
15869,276,2,149.64,1,"Inactive Customers"
15870,32,1,354.09,2,"Occasional Customers"
15872,14,2,360.93,2,"Occasional Customers"
15874,63,7,4405.88,4,"Regular Customers"
15877,1,2,493.28,2,"Occasional Customers"
15880,368,1,343.28,1,"Inactive Customers"
15881,311,5,501.39,4,"Regular Customers"
15882,198,4,516.36,4,"Regular Customers"
15883,1,2,396.48,2,"Occasional Customers"
15885,92,3,379.35,1,"Inactive Customers"
15886,59,1,181.09,1,"Inactive Customers"
15888,80,1,168.31,1,"Inactive Customers"
15889,156,2,446.87,1,"Inactive Customers"
15891,226,1,524.52,1,"Inactive Customers"
15894,252,2,263.55,1,"Inactive Customers"
15895,149,1,179.17,1,"Inactive Customers"
15897,193,2,222.05,1,"Inactive Customers"
15898,0,5,1388.88,3,"High-Value Customers"
15899,368,1,56.25,1,"Inactive Customers"
15900,23,1,351.11,2,"Occasional Customers"
15901,16,3,363.88,2,"Occasional Customers"
15903,9,7,5126.76,3,"High-Value Customers"
15904,7,1,164.68,2,"Occasional Customers"
15906,19,7,1567.69,4,"Regular Customers"
15907,3,3,967.45,2,"Occasional Customers"
15909,173,1,191.94,1,"Inactive Customers"
15910,0,8,1232.18,3,"High-Value Customers"
15912,177,2,264.62,1,"Inactive Customers"
15916,15,8,1528.09,3,"High-Value Customers"
15917,247,1,123.1,1,"Inactive Customers"
15918,190,2,334.23,1,"Inactive Customers"
15919,19,2,639.89,2,"Occasional Customers"
15920,153,4,167.5,1,"Inactive Customers"
15921,172,1,336.03,1,"Inactive Customers"
15922,372,1,369.5,1,"Inactive Customers"
15923,372,1,127.08,1,"Inactive Customers"
15925,193,1,207.15,1,"Inactive Customers"
15930,66,1,426.63,1,"Inactive Customers"
15932,3,8,2495.87,3,"High-Value Customers"
15933,20,3,1107.46,4,"Regular Customers"
15935,238,2,416.86,1,"Inactive Customers"
15937,63,1,145.35,1,"Inactive Customers"
15938,111,5,404.58,4,"Regular Customers"
15939,89,15,6115.01,3,"High-Value Customers"
15940,310,1,35.8,1,"Inactive Customers"
15942,133,1,337.44,1,"Inactive Customers"
15944,276,1,325.1,1,"Inactive Customers"
15945,364,1,181,1,"Inactive Customers"
15947,82,1,1708.24,4,"Regular Customers"
15948,7,2,955.24,2,"Occasional Customers"
15949,16,2,364.72,2,"Occasional Customers"
15950,31,4,1765.51,4,"Regular Customers"
15951,8,2,708.22,2,"Occasional Customers"
15952,33,4,806.57,4,"Regular Customers"
15953,14,8,1659.38,3,"High-Value Customers"
15955,23,14,4416.26,3,"High-Value Customers"
15957,31,1,428.89,2,"Occasional Customers"
15958,73,1,104.35,1,"Inactive Customers"
15963,19,2,470.76,2,"Occasional Customers"
15965,16,4,845.64,4,"Regular Customers"
15967,22,2,418.83,2,"Occasional Customers"
15969,2,3,666.1,2,"Occasional Customers"
15970,303,1,314.1,1,"Inactive Customers"
15971,17,12,4199.85,3,"High-Value Customers"
15973,366,1,307.82,1,"Inactive Customers"
15974,38,7,3442.15,4,"Regular Customers"
15975,83,1,371.01,1,"Inactive Customers"
15976,164,2,430.94,1,"Inactive Customers"
15977,16,2,1054.73,2,"Occasional Customers"
15978,76,1,1098.78,1,"Inactive Customers"
15980,88,3,2398.86,4,"Regular Customers"
15981,24,8,3408.48,3,"High-Value Customers"
15983,21,4,1475.02,4,"Regular Customers"
15984,2,10,2837.67,3,"High-Value Customers"
15985,122,2,1142.42,4,"Regular Customers"
15986,29,1,168.12,2,"Occasional Customers"
15987,11,7,1451.28,3,"High-Value Customers"
15988,18,1,158.03,2,"Occasional Customers"
15990,43,2,792.11,4,"Regular Customers"
15992,3,1,41.99,2,"Occasional Customers"
15993,8,7,2797.57,3,"High-Value Customers"
15994,54,1,427.07,1,"Inactive Customers"
15996,87,6,1060.68,4,"Regular Customers"
15998,36,5,3089.97,4,"Regular Customers"
16000,2,3,12393.7,3,"High-Value Customers"
16003,29,5,2735.37,4,"Regular Customers"
16005,11,4,615.39,2,"Occasional Customers"
16006,210,1,101.4,1,"Inactive Customers"
16007,47,4,1701.94,4,"Regular Customers"
16008,23,3,478.78,2,"Occasional Customers"
16009,21,4,992.71,4,"Regular Customers"
16010,245,3,407.5,1,"Inactive Customers"
16011,7,16,3362.71,3,"High-Value Customers"
16012,34,3,1415.29,4,"Regular Customers"
16013,3,47,37130.6,3,"High-Value Customers"
16014,37,3,662.38,4,"Regular Customers"
16015,3,3,705.39,2,"Occasional Customers"
16016,2,8,1508.76,3,"High-Value Customers"
16017,46,1,211.88,1,"Inactive Customers"
16018,38,2,408.9,2,"Occasional Customers"
16019,46,9,3786.24,4,"Regular Customers"
16020,16,3,851.01,2,"Occasional Customers"
16022,259,1,628.28,1,"Inactive Customers"
16023,45,3,719.81,4,"Regular Customers"
16024,11,1,251.24,2,"Occasional Customers"
16025,29,1,439.66,2,"Occasional Customers"
16026,42,1,236.09,1,"Inactive Customers"
16027,91,6,934.62,4,"Regular Customers"
16029,38,63,81024.84,3,"High-Value Customers"
16030,309,1,331.24,1,"Inactive Customers"
16031,91,2,548.94,1,"Inactive Customers"
16033,5,20,8816.4,3,"High-Value Customers"
16034,195,3,437.7,1,"Inactive Customers"
16036,86,2,758.92,4,"Regular Customers"
16037,269,3,855.02,4,"Regular Customers"
16038,7,3,471.78,2,"Occasional Customers"
16040,64,3,1313.55,4,"Regular Customers"
16041,30,3,3166.4,4,"Regular Customers"
16042,21,5,1197.27,4,"Regular Customers"
16043,37,4,773.99,4,"Regular Customers"
16045,119,4,1340.7,4,"Regular Customers"
16048,372,2,256.44,1,"Inactive Customers"
16049,39,3,1111.79,4,"Regular Customers"
16050,173,1,137.9,1,"Inactive Customers"
16052,53,1,362.06,1,"Inactive Customers"
16053,32,2,1511.95,4,"Regular Customers"
16054,144,1,783.9,1,"Inactive Customers"
16055,220,1,134.8,1,"Inactive Customers"
16056,44,1,664.85,2,"Occasional Customers"
16057,15,7,2263.12,3,"High-Value Customers"
16059,65,6,1459.86,4,"Regular Customers"
16062,9,4,1153.62,2,"Occasional Customers"
16063,259,1,335.32,1,"Inactive Customers"
16065,364,1,372.09,1,"Inactive Customers"
16066,16,5,1521.87,4,"Regular Customers"
16070,21,2,852.15,2,"Occasional Customers"
16071,44,1,326.24,1,"Inactive Customers"
16072,287,1,584.32,1,"Inactive Customers"
16073,296,1,122.4,1,"Inactive Customers"
16076,2,10,2234.73,3,"High-Value Customers"
16078,283,1,79.2,1,"Inactive Customers"
16079,16,3,1352,4,"Regular Customers"
16080,81,2,217.16,1,"Inactive Customers"
16081,55,5,2806.9,4,"Regular Customers"
16083,100,2,1317.62,4,"Regular Customers"
16084,298,1,436.18,1,"Inactive Customers"
16085,22,5,981.51,4,"Regular Customers"
16086,58,5,1121.39,4,"Regular Customers"
16091,154,2,315.06,1,"Inactive Customers"
16092,114,3,817.86,4,"Regular Customers"
16093,106,1,17,1,"Inactive Customers"
16094,11,4,1078.23,4,"Regular Customers"
16096,263,1,320.62,1,"Inactive Customers"
16097,239,1,185.05,1,"Inactive Customers"
16098,87,7,2005.63,4,"Regular Customers"
16099,49,3,731.9,4,"Regular Customers"
16101,70,1,1290.7,4,"Regular Customers"
16102,41,3,1842.14,4,"Regular Customers"
16103,6,6,1429.64,3,"High-Value Customers"
16104,61,1,302.36,1,"Inactive Customers"
16105,248,1,336.96,1,"Inactive Customers"
16106,65,1,108.38,1,"Inactive Customers"
16107,17,7,3204.16,3,"High-Value Customers"
16108,84,1,842.5,1,"Inactive Customers"
16109,218,2,611.88,1,"Inactive Customers"
16110,44,3,1337.48,4,"Regular Customers"
16112,142,4,195.74,1,"Inactive Customers"
16113,182,1,161.38,1,"Inactive Customers"
16114,170,1,135.75,1,"Inactive Customers"
16115,9,8,1667.97,3,"High-Value Customers"
16116,211,1,612.78,1,"Inactive Customers"
16117,189,1,232.21,1,"Inactive Customers"
16119,7,2,423.36,2,"Occasional Customers"
16120,58,4,1309.14,4,"Regular Customers"
16121,56,2,867.11,4,"Regular Customers"
16122,72,4,684.42,4,"Regular Customers"
16123,51,1,307.78,1,"Inactive Customers"
16124,316,1,249,1,"Inactive Customers"
16125,366,1,289.35,1,"Inactive Customers"
16126,28,4,6287.77,4,"Regular Customers"
16127,38,1,656.25,2,"Occasional Customers"
16128,17,5,1880.22,4,"Regular Customers"
16131,51,6,3506.54,4,"Regular Customers"
16133,3,33,14589.04,3,"High-Value Customers"
16134,21,2,618.09,2,"Occasional Customers"
16135,262,1,517.55,1,"Inactive Customers"
16136,59,3,709.38,4,"Regular Customers"
16139,18,3,635.41,2,"Occasional Customers"
16140,65,2,725.18,4,"Regular Customers"
16141,87,1,620.4,1,"Inactive Customers"
16142,249,1,535.34,1,"Inactive Customers"
16143,2,6,2424.94,3,"High-Value Customers"
16144,246,1,175.2,1,"Inactive Customers"
16145,8,11,3799.49,3,"High-Value Customers"
16146,156,3,734.13,4,"Regular Customers"
16147,133,1,375,1,"Inactive Customers"
16148,295,1,76.32,1,"Inactive Customers"
16149,4,2,280.52,2,"Occasional Customers"
16150,42,5,2053.02,4,"Regular Customers"
16152,268,1,1829.04,1,"Inactive Customers"
16153,49,5,1824.23,4,"Regular Customers"
16156,8,9,3122.04,3,"High-Value Customers"
16157,15,3,656.69,2,"Occasional Customers"
16159,281,1,348.2,1,"Inactive Customers"
16160,64,2,1025.44,4,"Regular Customers"
16161,1,19,5575.56,3,"High-Value Customers"
16162,251,1,37.4,1,"Inactive Customers"
16163,231,2,856.6,1,"Inactive Customers"
16164,16,3,822.48,2,"Occasional Customers"
16168,10,27,3787.6,3,"High-Value Customers"
16169,7,4,1822.97,4,"Regular Customers"
16170,50,6,1885.05,4,"Regular Customers"
16171,58,1,73.2,1,"Inactive Customers"
16172,94,5,1140.21,4,"Regular Customers"
16173,15,6,1418.32,4,"Regular Customers"
16174,125,3,1009.55,4,"Regular Customers"
16175,93,4,1037.59,4,"Regular Customers"
16177,49,1,331.95,1,"Inactive Customers"
16178,137,1,197.9,1,"Inactive Customers"
16179,60,1,215.83,1,"Inactive Customers"
16180,99,8,10254.18,4,"Regular Customers"
16181,72,1,305.54,1,"Inactive Customers"
16182,71,4,6617.65,4,"Regular Customers"
16183,66,1,338.71,1,"Inactive Customers"
16184,63,6,1158.79,4,"Regular Customers"
16185,16,2,529.41,2,"Occasional Customers"
16186,22,12,4006.94,3,"High-Value Customers"
16187,31,15,6911.44,3,"High-Value Customers"
16188,44,4,981.86,4,"Regular Customers"
16189,15,2,215.48,2,"Occasional Customers"
16190,39,1,215.08,1,"Inactive Customers"
16191,2,13,5180.52,3,"High-Value Customers"
16193,236,1,314.45,1,"Inactive Customers"
16198,74,1,400.681,1,"Inactive Customers"
16200,3,2,1080.62,2,"Occasional Customers"
16201,2,4,1863.47,3,"High-Value Customers"
16202,360,1,365.27,1,"Inactive Customers"
16203,58,4,592.9,4,"Regular Customers"
16204,22,1,405.71,2,"Occasional Customers"
16205,30,4,761.38,4,"Regular Customers"
16206,54,4,537.06,4,"Regular Customers"
16207,24,1,394.38,2,"Occasional Customers"
16208,44,2,664.26,2,"Occasional Customers"
16209,88,5,2262.62,4,"Regular Customers"
16210,1,18,21086.3,3,"High-Value Customers"
16211,88,1,547.02,1,"Inactive Customers"
16212,18,2,690.34,2,"Occasional Customers"
16213,78,1,159,1,"Inactive Customers"
16214,170,3,1062.75,4,"Regular Customers"
16215,80,1,242.35,1,"Inactive Customers"
16216,266,1,914.93,1,"Inactive Customers"
16217,234,2,304.25,1,"Inactive Customers"
16218,29,7,3084.68,4,"Regular Customers"
16221,36,3,864.86,4,"Regular Customers"
16222,317,1,846.72,1,"Inactive Customers"
16224,56,4,1295.3,4,"Regular Customers"
16225,44,5,1096.32,4,"Regular Customers"
16226,202,3,255.12,1,"Inactive Customers"
16227,224,1,314.22,1,"Inactive Customers"
16229,86,2,1010.6,4,"Regular Customers"
16230,189,2,542.03,1,"Inactive Customers"
16232,43,4,990.88,4,"Regular Customers"
16233,70,3,536.68,4,"Regular Customers"
16235,40,5,867.31,4,"Regular Customers"
16236,77,1,432.2,1,"Inactive Customers"
16239,56,2,414.2,1,"Inactive Customers"
16240,23,2,3718.8,4,"Regular Customers"
16241,9,13,2607.87,3,"High-Value Customers"
16242,7,7,3603.21,3,"High-Value Customers"
16243,33,2,409.1,2,"Occasional Customers"
16244,211,2,1522.75,4,"Regular Customers"
16245,23,3,1413.66,4,"Regular Customers"
16247,169,1,114.56,1,"Inactive Customers"
16248,61,1,152.94,1,"Inactive Customers"
16249,52,5,1800.07,4,"Regular Customers"
16250,260,2,389.44,1,"Inactive Customers"
16253,66,2,3683.86,4,"Regular Customers"
16255,16,8,2619.91,3,"High-Value Customers"
16256,266,1,752.43,1,"Inactive Customers"
16257,176,1,46.95,1,"Inactive Customers"
16258,44,5,5203.51,4,"Regular Customers"
16260,50,1,1035.45,2,"Occasional Customers"
16261,16,4,746.83,2,"Occasional Customers"
16265,8,9,5447,3,"High-Value Customers"
16266,73,7,861.89,4,"Regular Customers"
16268,70,2,667.65,4,"Regular Customers"
16270,352,1,1141.24,1,"Inactive Customers"
16271,2,5,1429.24,3,"High-Value Customers"
16272,116,1,411.7,1,"Inactive Customers"
16274,372,1,357.95,1,"Inactive Customers"
16275,196,1,559.87,1,"Inactive Customers"
16276,176,1,810.6,1,"Inactive Customers"
16278,99,1,566.38,1,"Inactive Customers"
16279,20,3,1509.58,4,"Regular Customers"
16281,71,1,2062.06,4,"Regular Customers"
16282,339,1,168.3,1,"Inactive Customers"
16283,5,5,1570.81,3,"High-Value Customers"
16284,30,2,823.97,2,"Occasional Customers"
16287,169,1,142.5,1,"Inactive Customers"
16292,121,1,302.25,1,"Inactive Customers"
16293,21,10,2248.99,3,"High-Value Customers"
16295,9,4,1328.55,4,"Regular Customers"
16297,268,1,301.9,1,"Inactive Customers"
16298,22,3,598.2,2,"Occasional Customers"
16302,126,1,233.22,1,"Inactive Customers"
16303,25,3,5360.63,4,"Regular Customers"
16305,138,1,361.22,1,"Inactive Customers"
16306,213,6,632.27,4,"Regular Customers"
16308,37,4,2560,4,"Regular Customers"
16309,105,2,706.57,1,"Inactive Customers"
16311,17,2,616.26,2,"Occasional Customers"
16313,2,2,274.15,2,"Occasional Customers"
16315,330,1,226.37,1,"Inactive Customers"
16316,63,8,2938.91,4,"Regular Customers"
16317,119,3,1341.65,4,"Regular Customers"
16318,34,1,328.15,2,"Occasional Customers"
16319,217,1,404.4,1,"Inactive Customers"
16320,171,2,1038.46,4,"Regular Customers"
16321,71,5,373.65,4,"Regular Customers"
16322,0,2,326.75,2,"Occasional Customers"
16323,195,1,207.5,1,"Inactive Customers"
16324,127,3,428.68,1,"Inactive Customers"
16325,46,3,594.24,4,"Regular Customers"
16326,5,14,3110.96,3,"High-Value Customers"
16327,13,6,3844.22,3,"High-Value Customers"
16330,17,3,251.91,2,"Occasional Customers"
16332,27,7,1593.2,4,"Regular Customers"
16333,7,22,26626.8,3,"High-Value Customers"
16337,36,1,151.05,1,"Inactive Customers"
16338,156,1,214.8,1,"Inactive Customers"
16339,283,1,109.95,1,"Inactive Customers"
16340,106,1,549.07,1,"Inactive Customers"
16341,24,4,1971.87,4,"Regular Customers"
16342,74,4,322.41,4,"Regular Customers"
16343,15,2,370.48,2,"Occasional Customers"
16344,157,1,101.1,1,"Inactive Customers"
16345,43,1,575.41,2,"Occasional Customers"
16347,10,2,887.65,2,"Occasional Customers"
16348,31,7,1469.45,4,"Regular Customers"
16349,290,1,53.5,1,"Inactive Customers"
16350,20,4,1116.47,4,"Regular Customers"
16351,332,1,153.9,1,"Inactive Customers"
16352,17,2,494.44,2,"Occasional Customers"
16353,3,23,6675.71,3,"High-Value Customers"
16354,62,2,395.8,1,"Inactive Customers"
16356,197,3,211.77,1,"Inactive Customers"
16357,32,3,658.88,4,"Regular Customers"
16358,0,4,2027.5,3,"High-Value Customers"
16359,6,9,1750.92,3,"High-Value Customers"
16360,4,6,3512.53,3,"High-Value Customers"
16361,9,4,896.66,2,"Occasional Customers"
16362,31,5,734.77,4,"Regular Customers"
16363,52,1,109.36,1,"Inactive Customers"
16364,11,2,707.04,2,"Occasional Customers"
16365,17,9,1540.42,3,"High-Value Customers"
16366,18,1,327.3,2,"Occasional Customers"
16367,36,2,804.49,2,"Occasional Customers"
16368,1,2,497.43,2,"Occasional Customers"
16369,17,3,1553.66,4,"Regular Customers"
16370,81,4,1320.56,4,"Regular Customers"
16372,32,2,367.93,2,"Occasional Customers"
16374,65,2,473.03,1,"Inactive Customers"
16376,8,2,987.01,2,"Occasional Customers"
16377,266,1,676.2,1,"Inactive Customers"
16378,246,3,362.95,1,"Inactive Customers"
16379,3,4,2157.4,3,"High-Value Customers"
16380,60,1,1780.59,4,"Regular Customers"
16383,74,2,668.36,1,"Inactive Customers"
16384,89,2,584.5,1,"Inactive Customers"
16385,59,3,555.89,4,"Regular Customers"
16386,28,2,317.2,2,"Occasional Customers"
16387,322,1,94.36,1,"Inactive Customers"
16389,52,4,1382.07,4,"Regular Customers"
16392,269,1,221.19,1,"Inactive Customers"
16393,1,13,3046.21,3,"High-Value Customers"
16394,56,5,1555.34,4,"Regular Customers"
16395,60,5,1486.9,4,"Regular Customers"
16398,153,2,1705.8,4,"Regular Customers"
16399,18,2,408.57,2,"Occasional Customers"
16400,94,1,303.93,1,"Inactive Customers"
16401,0,12,4098.32,3,"High-Value Customers"
16402,264,2,299.6,1,"Inactive Customers"
16403,311,1,177.5,1,"Inactive Customers"
16404,69,1,443.05,1,"Inactive Customers"
16405,301,2,167.25,1,"Inactive Customers"
16406,18,1,163.07,2,"Occasional Customers"
16407,12,10,2126.93,3,"High-Value Customers"
16409,35,5,2028.88,4,"Regular Customers"
16411,18,2,214.65,2,"Occasional Customers"
16412,53,1,151.83,1,"Inactive Customers"
16413,56,1,262.2,1,"Inactive Customers"
16414,21,2,126.25,2,"Occasional Customers"
16415,43,1,210.35,1,"Inactive Customers"
16416,26,3,1051.4,4,"Regular Customers"
16418,44,3,675.27,4,"Regular Customers"
16419,112,6,972.23,4,"Regular Customers"
16422,16,51,34684.4,3,"High-Value Customers"
16423,24,1,346.12,2,"Occasional Customers"
16424,190,1,133.56,1,"Inactive Customers"
16425,301,1,302.7,1,"Inactive Customers"
16426,1,10,1908.25,3,"High-Value Customers"
16427,262,2,241.06,1,"Inactive Customers"
16429,105,1,284.55,1,"Inactive Customers"
16430,56,1,300.85,1,"Inactive Customers"
16431,212,3,642.81,1,"Inactive Customers"
16432,63,1,287.4,1,"Inactive Customers"
16433,27,1,184.26,2,"Occasional Customers"
16434,28,7,1522.25,4,"Regular Customers"
16438,5,5,798.35,2,"Occasional Customers"
16440,7,5,3640.67,3,"High-Value Customers"
16441,66,2,381.2,1,"Inactive Customers"
16442,1,3,616.79,2,"Occasional Customers"
16444,45,4,654.67,4,"Regular Customers"
16445,33,1,230.51,2,"Occasional Customers"
16446,0,2,168472.5,3,"High-Value Customers"
16447,135,1,259.01,1,"Inactive Customers"
16448,197,1,188.89,1,"Inactive Customers"
16449,197,2,707.69,1,"Inactive Customers"
16450,149,1,311.92,1,"Inactive Customers"
16451,87,1,266.97,1,"Inactive Customers"
16454,44,2,6.9,1,"Inactive Customers"
16455,63,7,1841.18,4,"Regular Customers"
16456,98,5,2158.37,4,"Regular Customers"
16457,217,1,208.36,1,"Inactive Customers"
16458,2,18,3482.74,3,"High-Value Customers"
16460,27,3,814.72,4,"Regular Customers"
16461,177,1,151.42,1,"Inactive Customers"
16462,73,3,136,1,"Inactive Customers"
16463,20,4,1422.4,4,"Regular Customers"
16464,19,3,1314.68,4,"Regular Customers"
16466,33,7,1603.46,4,"Regular Customers"
16468,73,1,74.9,1,"Inactive Customers"
16469,23,4,650.43,4,"Regular Customers"
16470,51,4,762.39,4,"Regular Customers"
16471,274,1,223.95,1,"Inactive Customers"
16473,164,3,316.11,1,"Inactive Customers"
16474,6,7,1871.5,3,"High-Value Customers"
16475,87,4,544.3,4,"Regular Customers"
16477,63,7,2494.46,4,"Regular Customers"
16478,24,3,331,2,"Occasional Customers"
16479,9,2,300.83,2,"Occasional Customers"
16480,75,1,769.29,1,"Inactive Customers"
16482,15,1,220.62,2,"Occasional Customers"
16483,191,1,139.35,1,"Inactive Customers"
16484,173,2,404.3,1,"Inactive Customers"
16485,76,1,363.65,1,"Inactive Customers"
16488,32,3,498.8,2,"Occasional Customers"
16491,46,1,731.5,2,"Occasional Customers"
16493,79,4,1351.63,4,"Regular Customers"
16494,296,1,826.53,1,"Inactive Customers"
16495,2,3,684.41,2,"Occasional Customers"
16496,8,3,1599.52,2,"Occasional Customers"
16497,49,6,2965.69,4,"Regular Customers"
16498,160,2,100.97,1,"Inactive Customers"
16499,359,2,365.45,1,"Inactive Customers"
16500,4,6,400.86,2,"Occasional Customers"
16503,106,4,1431.93,4,"Regular Customers"
16504,24,1,484.38,2,"Occasional Customers"
16505,31,1,777.6,2,"Occasional Customers"
16506,19,2,90.3,2,"Occasional Customers"
16509,296,1,363.7,1,"Inactive Customers"
16510,371,1,248.1,1,"Inactive Customers"
16511,21,3,950.26,4,"Regular Customers"
16513,4,4,874.59,2,"Occasional Customers"
16515,51,5,1627.13,4,"Regular Customers"
16516,29,1,101.7,1,"Inactive Customers"
16517,276,1,162.7,1,"Inactive Customers"
16518,60,2,484.32,1,"Inactive Customers"
16519,24,2,215.08,2,"Occasional Customers"
16520,185,3,1046.57,4,"Regular Customers"
16523,1,21,9418.47,3,"High-Value Customers"
16525,1,26,13027.45,3,"High-Value Customers"
16526,171,1,290.36,1,"Inactive Customers"
16527,80,1,228.06,1,"Inactive Customers"
16528,3,1,244.41,2,"Occasional Customers"
16529,189,1,455.25,1,"Inactive Customers"
16531,21,7,1244.59,4,"Regular Customers"
16532,17,3,6748.8,4,"Regular Customers"
16533,18,3,1095.56,4,"Regular Customers"
16535,4,1,593.75,2,"Occasional Customers"
16536,109,1,548.97,1,"Inactive Customers"
16539,2,4,1388.81,2,"Occasional Customers"
16542,53,1,119.62,1,"Inactive Customers"
16545,164,1,339.3,1,"Inactive Customers"
16546,290,2,787.15,1,"Inactive Customers"
16549,9,10,4154.64,3,"High-Value Customers"
16550,108,5,2298.97,4,"Regular Customers"
16551,95,3,922.12,4,"Regular Customers"
16552,242,2,379.73,1,"Inactive Customers"
16553,162,12,5719.82,4,"Regular Customers"
16554,41,3,837.1,4,"Regular Customers"
16555,34,2,285.89,2,"Occasional Customers"
16556,66,7,3313.79,4,"Regular Customers"
16557,23,2,281.85,2,"Occasional Customers"
16558,0,20,8338.49,3,"High-Value Customers"
16560,26,2,841.41,2,"Occasional Customers"
16561,5,2,511.12,2,"Occasional Customers"
16563,53,1,1077.74,1,"Inactive Customers"
16565,363,1,173.7,1,"Inactive Customers"
16566,14,5,614.66,2,"Occasional Customers"
16567,193,2,865.6,1,"Inactive Customers"
16569,2,1,124.2,2,"Occasional Customers"
16570,14,10,3738.4,3,"High-Value Customers"
16571,26,3,1421.69,4,"Regular Customers"
16572,126,3,1009.6,4,"Regular Customers"
16573,84,2,663.61,1,"Inactive Customers"
16574,70,1,451.44,1,"Inactive Customers"
16581,182,1,105.84,1,"Inactive Customers"
16582,112,1,313.62,1,"Inactive Customers"
16583,373,1,233.45,1,"Inactive Customers"
16584,79,2,936.08,4,"Regular Customers"
16586,248,1,463.95,1,"Inactive Customers"
16587,231,1,225.15,1,"Inactive Customers"
16589,70,3,459.24,4,"Regular Customers"
16591,68,1,213.5,1,"Inactive Customers"
16592,3,16,4113.68,3,"High-Value Customers"
16593,50,3,330.03,2,"Occasional Customers"
16594,74,1,181.09,1,"Inactive Customers"
16595,60,1,360.16,1,"Inactive Customers"
16596,15,2,250.15,2,"Occasional Customers"
16597,3,1,90.04,2,"Occasional Customers"
16598,285,1,145.05,1,"Inactive Customers"
16600,3,6,813.52,3,"High-Value Customers"
16601,40,1,244.8,1,"Inactive Customers"
16602,35,1,528.08,2,"Occasional Customers"
16603,74,2,482.47,1,"Inactive Customers"
16607,17,14,3347.71,3,"High-Value Customers"
16609,14,7,5493.46,3,"High-Value Customers"
16610,218,1,75.66,1,"Inactive Customers"
16611,185,1,129.49,1,"Inactive Customers"
16612,32,4,1187.66,4,"Regular Customers"
16613,69,1,618.59,1,"Inactive Customers"
16614,182,1,506.19,1,"Inactive Customers"
16616,14,2,500.42,2,"Occasional Customers"
16617,235,1,151.85,1,"Inactive Customers"
16618,30,5,2647.59,4,"Regular Customers"
16619,263,1,226.21,1,"Inactive Customers"
16620,3,2,178.96,2,"Occasional Customers"
16621,51,4,813.48,4,"Regular Customers"
16623,245,1,129.45,1,"Inactive Customers"
16624,80,2,810.57,4,"Regular Customers"
16625,274,1,333.08,1,"Inactive Customers"
16626,0,17,4413.1,3,"High-Value Customers"
16627,78,1,322.8,1,"Inactive Customers"
16628,29,5,2188.05,4,"Regular Customers"
16629,73,2,417.73,1,"Inactive Customers"
16633,16,6,2883.1,3,"High-Value Customers"
16634,222,2,217.9,1,"Inactive Customers"
16637,31,4,1154.47,4,"Regular Customers"
16638,22,10,1680.72,3,"High-Value Customers"
16639,30,3,1257.51,4,"Regular Customers"
16641,105,1,231.1,1,"Inactive Customers"
16642,4,2,688.33,2,"Occasional Customers"
16643,245,1,487.51,1,"Inactive Customers"
16644,177,2,833.78,1,"Inactive Customers"
16647,169,2,214.06,1,"Inactive Customers"
16648,42,1,290.66,1,"Inactive Customers"
16650,71,1,518.42,1,"Inactive Customers"
16652,58,7,6773.97,4,"Regular Customers"
16653,15,2,1212.66,2,"Occasional Customers"
16654,140,4,601.27,4,"Regular Customers"
16655,17,6,3794.52,3,"High-Value Customers"
16656,21,15,8625.8,3,"High-Value Customers"
16657,9,4,933.62,2,"Occasional Customers"
16658,367,1,123.24,1,"Inactive Customers"
16659,188,1,39.12,1,"Inactive Customers"
16660,15,4,1267.65,4,"Regular Customers"
16665,361,1,135.4,1,"Inactive Customers"
16666,18,1,118.98,2,"Occasional Customers"
16667,67,2,570.13,1,"Inactive Customers"
16668,14,6,306.72,2,"Occasional Customers"
16669,23,3,1374.87,4,"Regular Customers"
16670,16,11,4095.9,3,"High-Value Customers"
16671,27,3,1692.27,4,"Regular Customers"
16672,1,20,8134.94,3,"High-Value Customers"
16674,54,2,319.61,1,"Inactive Customers"
16676,33,4,1592.12,4,"Regular Customers"
16678,2,12,3109.99,3,"High-Value Customers"
16679,365,1,129.75,1,"Inactive Customers"
16680,42,1,183.7,1,"Inactive Customers"
16681,72,6,1770.34,4,"Regular Customers"
16682,4,5,1028,2,"Occasional Customers"
16684,3,28,66653.56,3,"High-Value Customers"
16685,60,2,324.24,1,"Inactive Customers"
16686,46,7,3062.83,4,"Regular Customers"
16688,0,4,1260.86,3,"High-Value Customers"
16689,75,2,422.6,1,"Inactive Customers"
16690,71,2,225.58,1,"Inactive Customers"
16692,255,2,1276,4,"Regular Customers"
16693,68,2,482.01,1,"Inactive Customers"
16696,134,4,657.9,4,"Regular Customers"
16697,240,1,112.75,1,"Inactive Customers"
16698,226,2,1998,4,"Regular Customers"
16700,8,13,5076.55,3,"High-Value Customers"
16701,8,13,5398.3,3,"High-Value Customers"
16705,0,20,14034.99,3,"High-Value Customers"
16706,36,3,531.35,2,"Occasional Customers"
16708,45,1,656.63,2,"Occasional Customers"
16709,84,5,3029.87,4,"Regular Customers"
16710,18,10,2483.04,3,"High-Value Customers"
16711,2,5,1651.03,3,"High-Value Customers"
16712,8,11,3645.43,3,"High-Value Customers"
16713,18,15,6923.13,3,"High-Value Customers"
16714,218,3,1161.53,4,"Regular Customers"
16715,77,1,301.72,1,"Inactive Customers"
16716,266,2,901.2,1,"Inactive Customers"
16717,23,6,3858.38,4,"Regular Customers"
16718,368,1,623.75,1,"Inactive Customers"
16719,14,7,1790.42,3,"High-Value Customers"
16720,25,1,155.24,2,"Occasional Customers"
16721,261,1,292.47,1,"Inactive Customers"
16722,16,13,4730.81,3,"High-Value Customers"
16723,90,2,589.15,1,"Inactive Customers"
16725,301,7,781.02,4,"Regular Customers"
16726,25,5,1382.02,4,"Regular Customers"
16727,363,1,272.82,1,"Inactive Customers"
16728,45,4,1054.67,4,"Regular Customers"
16729,37,21,7239.92,3,"High-Value Customers"
16730,51,3,743.11,4,"Regular Customers"
16732,31,1,603.75,2,"Occasional Customers"
16734,51,3,650.51,4,"Regular Customers"
16735,78,5,2300.56,4,"Regular Customers"
16737,52,1,417.6,1,"Inactive Customers"
16738,297,1,3.75,1,"Inactive Customers"
16739,176,1,323,1,"Inactive Customers"
16742,46,1,464.9,1,"Inactive Customers"
16743,28,7,2238.09,4,"Regular Customers"
16744,10,7,1304.76,3,"High-Value Customers"
16745,86,17,7194.3,3,"High-Value Customers"
16746,4,18,6697.66,3,"High-Value Customers"
16747,37,2,836.06,4,"Regular Customers"
16748,17,5,1515.9,4,"Regular Customers"
16750,44,5,623.93,4,"Regular Customers"
16751,30,1,1764.72,4,"Regular Customers"
16752,372,1,207.5,1,"Inactive Customers"
16753,57,1,223.92,1,"Inactive Customers"
16754,371,1,2002.4,1,"Inactive Customers"
16755,113,3,1496.83,4,"Regular Customers"
16756,214,1,239.4,1,"Inactive Customers"
16757,318,1,106.83,1,"Inactive Customers"
16758,64,1,369.34,1,"Inactive Customers"
16759,7,3,789.79,2,"Occasional Customers"
16761,96,1,316.62,1,"Inactive Customers"
16762,19,3,1501.38,4,"Regular Customers"
16763,198,1,611.85,1,"Inactive Customers"
16764,3,13,2799.25,3,"High-Value Customers"
16765,293,1,34,1,"Inactive Customers"
16766,272,2,1145.6,1,"Inactive Customers"
16767,30,11,5580.6,3,"High-Value Customers"
16768,47,3,478.09,4,"Regular Customers"
16769,259,1,380.39,1,"Inactive Customers"
16770,57,5,770.1,4,"Regular Customers"
16771,32,5,2246.81,4,"Regular Customers"
16773,56,1,171.59,1,"Inactive Customers"
16774,67,4,661.52,4,"Regular Customers"
16775,9,11,1695.66,3,"High-Value Customers"
16776,59,1,388.28,1,"Inactive Customers"
16777,79,2,226.35,1,"Inactive Customers"
16778,73,2,245.94,1,"Inactive Customers"
16779,1,22,10629.72,3,"High-Value Customers"
16780,99,2,425.19,1,"Inactive Customers"
16781,371,1,311.25,1,"Inactive Customers"
16782,9,13,2279.9,3,"High-Value Customers"
16784,19,1,107.6,2,"Occasional Customers"
16788,122,2,597.48,1,"Inactive Customers"
16789,7,1,80.8,2,"Occasional Customers"
16790,3,6,1545.62,3,"High-Value Customers"
16791,28,7,1721.78,4,"Regular Customers"
16792,281,2,110.38,1,"Inactive Customers"
16793,56,1,243.84,1,"Inactive Customers"
16794,0,10,1222.71,3,"High-Value Customers"
16795,364,1,414.88,1,"Inactive Customers"
16796,88,1,305.62,1,"Inactive Customers"
16800,10,1,1201.49,2,"Occasional Customers"
16801,162,4,1619.73,4,"Regular Customers"
16803,64,1,332.3,1,"Inactive Customers"
16804,22,3,536.99,2,"Occasional Customers"
16805,173,2,460.59,1,"Inactive Customers"
16806,102,4,801.49,4,"Regular Customers"
16807,142,3,1121.59,4,"Regular Customers"
16808,98,2,288.42,1,"Inactive Customers"
16809,22,5,914.69,4,"Regular Customers"
16810,191,1,309.54,1,"Inactive Customers"
16811,4,2,547.07,2,"Occasional Customers"
16812,360,1,479.35,1,"Inactive Customers"
16813,7,10,1692.98,3,"High-Value Customers"
16814,13,21,6509.1,3,"High-Value Customers"
16816,102,4,417.06,4,"Regular Customers"
16817,2,9,1604.75,3,"High-Value Customers"
16818,10,11,3349.57,3,"High-Value Customers"
16820,95,1,497.61,1,"Inactive Customers"
16823,226,1,358.38,1,"Inactive Customers"
16824,15,2,460.64,2,"Occasional Customers"
16825,38,2,775.18,2,"Occasional Customers"
16826,50,1,341.7,1,"Inactive Customers"
16828,92,2,128.5,1,"Inactive Customers"
16829,156,1,197.22,1,"Inactive Customers"
16830,38,1,325.91,1,"Inactive Customers"
16832,183,3,199.15,1,"Inactive Customers"
16833,0,4,1106.53,2,"Occasional Customers"
16834,227,1,413.46,1,"Inactive Customers"
16835,127,2,180.85,1,"Inactive Customers"
16836,39,2,251.87,2,"Occasional Customers"
16837,30,11,3170.98,3,"High-Value Customers"
16838,196,2,588.85,1,"Inactive Customers"
16839,8,34,16594.35,3,"High-Value Customers"
16841,36,6,1869.82,4,"Regular Customers"
16842,100,3,1264.19,4,"Regular Customers"
16843,42,16,10196.57,3,"High-Value Customers"
16846,49,1,214.32,1,"Inactive Customers"
16847,42,1,193.44,1,"Inactive Customers"
16848,52,1,281.42,1,"Inactive Customers"
16849,186,1,124.57,1,"Inactive Customers"
16850,333,1,332.41,1,"Inactive Customers"
16851,3,3,342.45,2,"Occasional Customers"
16852,9,2,144.91,2,"Occasional Customers"
16855,23,2,328.4,2,"Occasional Customers"
16856,14,1,35.4,2,"Occasional Customers"
16858,368,1,375.69,1,"Inactive Customers"
16859,144,2,747.81,1,"Inactive Customers"
16861,59,2,173.76,1,"Inactive Customers"
16863,30,2,502.8,2,"Occasional Customers"
16866,140,3,207.74,1,"Inactive Customers"
16869,22,4,825.42,4,"Regular Customers"
16871,21,6,2812.34,4,"Regular Customers"
16872,76,3,680.02,4,"Regular Customers"
16873,4,6,7123.62,3,"High-Value Customers"
16875,66,5,2095.53,4,"Regular Customers"
16877,11,6,853.72,4,"Regular Customers"
16878,83,1,13.3,1,"Inactive Customers"
16880,30,7,1519.08,4,"Regular Customers"
16881,66,1,432,1,"Inactive Customers"
16882,66,3,705.12,4,"Regular Customers"
16883,186,2,276.73,1,"Inactive Customers"
16884,37,2,429.84,2,"Occasional Customers"
16885,14,3,471.51,2,"Occasional Customers"
16887,34,1,194.88,1,"Inactive Customers"
16889,194,3,1578.67,4,"Regular Customers"
16891,1,5,809.7,2,"Occasional Customers"
16892,0,5,525.54,2,"Occasional Customers"
16893,366,1,145.93,1,"Inactive Customers"
16895,64,1,219.14,1,"Inactive Customers"
16897,298,2,289.78,1,"Inactive Customers"
16898,25,3,508.81,2,"Occasional Customers"
16899,7,6,1281.56,3,"High-Value Customers"
16900,16,3,887.11,2,"Occasional Customers"
16902,115,1,1706.88,4,"Regular Customers"
16903,28,1,373.24,2,"Occasional Customers"
16904,3,16,3754.27,3,"High-Value Customers"
16905,4,7,3102.43,3,"High-Value Customers"
16906,81,4,579.77,4,"Regular Customers"
16907,28,5,981.65,4,"Regular Customers"
16909,71,1,379.14,1,"Inactive Customers"
16910,3,8,1510.06,3,"High-Value Customers"
16912,28,11,2575.38,3,"High-Value Customers"
16913,289,1,113.44,1,"Inactive Customers"
16914,35,1,208.46,1,"Inactive Customers"
16915,8,6,621.68,2,"Occasional Customers"
16916,23,2,576.26,2,"Occasional Customers"
16917,276,1,391.52,1,"Inactive Customers"
16918,49,6,1068.82,4,"Regular Customers"
16919,155,11,2596.45,4,"Regular Customers"
16921,60,1,169.79,1,"Inactive Customers"
16923,11,19,7247.61,3,"High-Value Customers"
16924,20,3,846.75,2,"Occasional Customers"
16926,370,1,230.25,1,"Inactive Customers"
16927,115,3,543.05,4,"Regular Customers"
16928,79,17,2847.6,3,"High-Value Customers"
16929,3,7,1295.39,3,"High-Value Customers"
16930,25,3,380.55,2,"Occasional Customers"
16931,4,21,4604.22,3,"High-Value Customers"
16932,52,1,161.94,1,"Inactive Customers"
16933,0,2,563.23,2,"Occasional Customers"
16934,54,2,950.93,4,"Regular Customers"
16936,25,1,262.68,2,"Occasional Customers"
16938,8,4,2736.38,4,"Regular Customers"
16940,51,3,3049.88,4,"Regular Customers"
16942,12,9,1920.59,3,"High-Value Customers"
16943,211,3,816.73,4,"Regular Customers"
16945,21,19,4345.5,3,"High-Value Customers"
16947,235,1,406.48,1,"Inactive Customers"
16948,138,3,435.02,1,"Inactive Customers"
16949,3,6,1286.27,3,"High-Value Customers"
16950,56,3,1178.56,4,"Regular Customers"
16951,134,3,1277.75,4,"Regular Customers"
16952,108,2,167.61,1,"Inactive Customers"
16953,29,1,20.8,1,"Inactive Customers"
16954,0,9,2085.08,3,"High-Value Customers"
16955,184,4,518.67,4,"Regular Customers"
16956,17,1,308.74,2,"Occasional Customers"
16957,238,2,416.64,1,"Inactive Customers"
16959,86,1,117.35,1,"Inactive Customers"
16960,38,3,507.05,2,"Occasional Customers"
16961,115,1,234.17,1,"Inactive Customers"
16963,186,1,110.55,1,"Inactive Customers"
16965,226,1,201.19,1,"Inactive Customers"
16966,7,7,2154.97,3,"High-Value Customers"
16967,188,1,319.02,1,"Inactive Customers"
16968,3,2,439.43,2,"Occasional Customers"
16969,38,3,650.41,4,"Regular Customers"
16971,37,1,357.21,2,"Occasional Customers"
16976,266,1,251.52,1,"Inactive Customers"
16978,77,1,344.33,1,"Inactive Customers"
16979,3,6,1852,3,"High-Value Customers"
16980,254,2,1078.96,1,"Inactive Customers"
16982,60,1,384.06,1,"Inactive Customers"
16983,12,7,1931.25,3,"High-Value Customers"
16984,87,2,4481.35,4,"Regular Customers"
16985,16,10,5464.12,3,"High-Value Customers"
16986,29,2,1873.2,4,"Regular Customers"
16987,2,7,1625.05,3,"High-Value Customers"
16988,4,1,126.12,2,"Occasional Customers"
16989,6,6,1133.25,3,"High-Value Customers"
16990,218,1,179,1,"Inactive Customers"
16992,10,5,1614.31,4,"Regular Customers"
16996,29,6,1456.96,4,"Regular Customers"
16997,287,3,702,1,"Inactive Customers"
16998,149,4,295,1,"Inactive Customers"
16999,22,2,484.82,2,"Occasional Customers"
17001,0,11,3989.57,3,"High-Value Customers"
17002,85,3,1493.73,4,"Regular Customers"
17004,45,2,1412.94,4,"Regular Customers"
17006,4,4,781.78,2,"Occasional Customers"
17007,50,6,889.93,4,"Regular Customers"
17010,17,1,195.36,2,"Occasional Customers"
17011,29,1,270.9,2,"Occasional Customers"
17014,7,3,586.33,2,"Occasional Customers"
17015,28,3,1842.56,4,"Regular Customers"
17017,2,20,8694.26,3,"High-Value Customers"
17018,40,2,920.1,4,"Regular Customers"
17019,10,4,1272.61,4,"Regular Customers"
17022,30,1,71,1,"Inactive Customers"
17024,44,3,95.85,1,"Inactive Customers"
17025,60,3,357.77,1,"Inactive Customers"
17026,184,2,154.83,1,"Inactive Customers"
17027,78,6,890.29,4,"Regular Customers"
17029,110,2,716,1,"Inactive Customers"
17030,63,1,146.87,1,"Inactive Customers"
17031,11,2,380.35,2,"Occasional Customers"
17033,85,3,1030.14,4,"Regular Customers"
17034,15,3,745.52,2,"Occasional Customers"
17035,245,2,433.53,1,"Inactive Customers"
17037,87,1,1267.32,1,"Inactive Customers"
17038,29,1,112.4,1,"Inactive Customers"
17040,137,1,449.73,1,"Inactive Customers"
17041,26,3,1081.57,4,"Regular Customers"
17042,2,5,1044.38,3,"High-Value Customers"
17043,31,4,1735.18,4,"Regular Customers"
17044,24,1,948.48,2,"Occasional Customers"
17045,112,3,339.44,1,"Inactive Customers"
17046,156,1,642.02,1,"Inactive Customers"
17047,84,3,1100.9,4,"Regular Customers"
17048,117,3,925.35,4,"Regular Customers"
17049,2,9,5659.98,3,"High-Value Customers"
17050,95,6,3228.84,4,"Regular Customers"
17051,193,1,247.14,1,"Inactive Customers"
17052,27,1,413.75,2,"Occasional Customers"
17053,130,1,498.48,1,"Inactive Customers"
17054,27,5,1356.33,4,"Regular Customers"
17058,81,3,1179.89,4,"Regular Customers"
17059,29,5,3095.04,4,"Regular Customers"
17060,265,1,234.24,1,"Inactive Customers"
17061,73,11,5232.23,3,"High-Value Customers"
17062,313,4,538.37,1,"Inactive Customers"
17063,20,7,1461.14,4,"Regular Customers"
17064,58,3,859.35,4,"Regular Customers"
17068,11,21,4552.14,3,"High-Value Customers"
17069,27,9,2709.7,3,"High-Value Customers"
17070,113,1,312.14,1,"Inactive Customers"
17071,27,9,2429.03,3,"High-Value Customers"
17073,17,4,1446.09,4,"Regular Customers"
17075,17,4,834.12,4,"Regular Customers"
17076,35,3,841.08,4,"Regular Customers"
17078,35,2,378.2,2,"Occasional Customers"
17079,77,1,118.8,1,"Inactive Customers"
17080,21,2,287.62,2,"Occasional Customers"
17081,24,2,290.16,2,"Occasional Customers"
17082,32,2,2003.85,4,"Regular Customers"
17083,108,3,1405.78,4,"Regular Customers"
17084,34,2,2949.75,4,"Regular Customers"
17085,122,5,1566.65,4,"Regular Customers"
17086,6,6,2050.08,3,"High-Value Customers"
17088,27,4,1991.01,4,"Regular Customers"
17090,3,7,2043.95,3,"High-Value Customers"
17091,2,9,3827.76,3,"High-Value Customers"
17092,49,4,1777.78,4,"Regular Customers"
17094,321,1,302,1,"Inactive Customers"
17095,22,3,1324.16,4,"Regular Customers"
17096,14,4,1022.13,4,"Regular Customers"
17097,1,8,954.42,3,"High-Value Customers"
17100,17,2,971.74,2,"Occasional Customers"
17101,9,4,1621.73,4,"Regular Customers"
17102,261,1,25.5,1,"Inactive Customers"
17105,158,2,665.78,1,"Inactive Customers"
17107,32,6,10815.43,3,"High-Value Customers"
17109,28,6,885.04,4,"Regular Customers"
17110,164,1,163.3,1,"Inactive Customers"
17111,46,1,248.61,1,"Inactive Customers"
17114,5,8,808.62,3,"High-Value Customers"
17115,7,3,837.5,2,"Occasional Customers"
17117,287,1,116.2,1,"Inactive Customers"
17118,317,1,157.02,1,"Inactive Customers"
17119,2,2,606.91,2,"Occasional Customers"
17120,232,1,307.46,1,"Inactive Customers"
17122,118,1,138.32,1,"Inactive Customers"
17123,161,1,345.3,1,"Inactive Customers"
17124,184,1,298.89,1,"Inactive Customers"
17125,49,1,259.35,1,"Inactive Customers"
17126,151,5,1004.75,4,"Regular Customers"
17128,334,1,157.09,1,"Inactive Customers"
17131,4,5,2463.17,3,"High-Value Customers"
17133,15,7,4892.24,3,"High-Value Customers"
17134,106,2,425,1,"Inactive Customers"
17135,15,7,1139.73,4,"Regular Customers"
17138,275,1,380.5,1,"Inactive Customers"
17139,15,12,10668.47,3,"High-Value Customers"
17140,246,1,465.32,1,"Inactive Customers"
17142,238,1,579,1,"Inactive Customers"
17144,0,2,984.57,2,"Occasional Customers"
17146,105,3,749.78,4,"Regular Customers"
17147,22,4,1714.59,4,"Regular Customers"
17148,51,1,124.88,1,"Inactive Customers"
17152,194,3,1689.5,4,"Regular Customers"
17153,23,1,213.78,2,"Occasional Customers"
17154,74,1,329.34,1,"Inactive Customers"
17155,17,2,251.7,2,"Occasional Customers"
17157,7,2,319,2,"Occasional Customers"
17158,31,3,1266.97,4,"Regular Customers"
17159,21,3,1538.88,4,"Regular Customers"
17160,30,6,3518.03,4,"Regular Customers"
17162,28,10,1715.46,3,"High-Value Customers"
17163,21,2,293.1,2,"Occasional Customers"
17164,32,7,2467.35,4,"Regular Customers"
17165,283,1,158.68,1,"Inactive Customers"
17166,38,2,206.34,2,"Occasional Customers"
17169,57,2,835.78,4,"Regular Customers"
17171,288,1,224.91,1,"Inactive Customers"
17172,78,1,317.76,1,"Inactive Customers"
17173,4,8,3766.6,3,"High-Value Customers"
17174,217,1,59.9,1,"Inactive Customers"
17175,43,4,1443.69,4,"Regular Customers"
17176,201,1,306.13,1,"Inactive Customers"
17179,177,3,711.79,4,"Regular Customers"
17180,55,4,796.03,4,"Regular Customers"
17181,56,2,239.92,1,"Inactive Customers"
17183,7,6,3347.31,3,"High-Value Customers"
17186,46,2,144,1,"Inactive Customers"
17187,226,1,203.95,1,"Inactive Customers"
17188,10,7,2474.23,3,"High-Value Customers"
17189,105,2,384.4,1,"Inactive Customers"
17190,58,2,444.74,1,"Inactive Customers"
17191,27,7,2095.13,4,"Regular Customers"
17193,35,7,1699.3,4,"Regular Customers"
17194,273,2,262.62,1,"Inactive Customers"
17197,29,1,1013.01,2,"Occasional Customers"
17198,23,3,692.22,2,"Occasional Customers"
17201,53,1,342.63,1,"Inactive Customers"
17203,35,6,3563.85,4,"Regular Customers"
17204,174,4,1564.56,4,"Regular Customers"
17205,53,1,384.08,1,"Inactive Customers"
17206,52,1,204.24,1,"Inactive Customers"
17211,26,8,2317.22,4,"Regular Customers"
17212,252,1,226.85,1,"Inactive Customers"
17213,39,7,2781.23,4,"Regular Customers"
17214,59,6,1069.12,4,"Regular Customers"
17217,233,1,113.5,1,"Inactive Customers"
17218,3,10,1960.72,3,"High-Value Customers"
17219,31,1,114.23,1,"Inactive Customers"
17220,23,14,3198.25,3,"High-Value Customers"
17221,6,2,335.13,2,"Occasional Customers"
17222,64,1,354.15,1,"Inactive Customers"
17223,309,2,426.79,1,"Inactive Customers"
17226,308,1,393.49,1,"Inactive Customers"
17227,18,6,939.32,4,"Regular Customers"
17228,15,8,1906.09,3,"High-Value Customers"
17229,95,2,318.76,1,"Inactive Customers"
17230,263,8,3638.41,4,"Regular Customers"
17231,11,10,3174.32,3,"High-Value Customers"
17232,2,2,421.52,2,"Occasional Customers"
17233,34,1,190.88,1,"Inactive Customers"
17234,182,1,149.89,1,"Inactive Customers"
17235,24,2,550.06,2,"Occasional Customers"
17236,12,6,916.13,4,"Regular Customers"
17237,10,2,314.69,2,"Occasional Customers"
17238,2,17,3744.65,3,"High-Value Customers"
17239,312,1,382.5,1,"Inactive Customers"
17242,107,2,1135.04,4,"Regular Customers"
17243,0,26,8676.85,3,"High-Value Customers"
17244,52,1,954.9,1,"Inactive Customers"
17245,204,1,171.45,1,"Inactive Customers"
17247,14,1,282.19,2,"Occasional Customers"
17248,119,1,318.65,1,"Inactive Customers"
17250,3,2,384.52,2,"Occasional Customers"
17251,362,1,283.28,1,"Inactive Customers"
17252,116,2,353.86,1,"Inactive Customers"
17253,17,1,178.26,2,"Occasional Customers"
17254,4,2,272.44,2,"Occasional Customers"
17255,40,2,298.41,2,"Occasional Customers"
17256,106,2,240,1,"Inactive Customers"
17259,147,2,603.37,1,"Inactive Customers"
17262,51,5,1253.36,4,"Regular Customers"
17263,207,1,63.44,1,"Inactive Customers"
17265,138,2,562.9,1,"Inactive Customers"
17266,1,3,310.64,2,"Occasional Customers"
17267,126,2,317.62,1,"Inactive Customers"
17268,107,4,763.64,4,"Regular Customers"
17272,41,4,2148.63,4,"Regular Customers"
17274,34,1,111.98,1,"Inactive Customers"
17277,227,2,1065.35,1,"Inactive Customers"
17278,240,1,246.04,1,"Inactive Customers"
17279,57,1,187.83,1,"Inactive Customers"
17282,129,3,1703.41,4,"Regular Customers"
17284,59,6,1652.58,4,"Regular Customers"
17286,21,1,153.92,2,"Occasional Customers"
17287,25,7,1064.11,4,"Regular Customers"
17288,8,7,1419.73,3,"High-Value Customers"
17289,31,3,944.41,4,"Regular Customers"
17290,3,2,525.24,2,"Occasional Customers"
17291,307,1,550.8,1,"Inactive Customers"
17293,7,9,1875.11,3,"High-Value Customers"
17295,28,3,556.95,2,"Occasional Customers"
17297,16,1,131.78,2,"Occasional Customers"
17298,100,2,498.42,1,"Inactive Customers"
17299,11,4,669.11,2,"Occasional Customers"
17301,20,1,197.63,2,"Occasional Customers"
17302,14,5,1135.63,4,"Regular Customers"
17303,360,1,250.04,1,"Inactive Customers"
17306,10,19,8631.31,3,"High-Value Customers"
17309,94,1,82.75,1,"Inactive Customers"
17311,77,2,1384.85,4,"Regular Customers"
17312,138,3,644.3,4,"Regular Customers"
17313,30,1,2328.84,4,"Regular Customers"
17314,24,8,2527.92,3,"High-Value Customers"
17315,1,38,6292.26,3,"High-Value Customers"
17317,45,3,2600.34,4,"Regular Customers"
17320,99,3,1200.62,4,"Regular Customers"
17321,7,2,700.86,2,"Occasional Customers"
17323,14,7,921.07,4,"Regular Customers"
17324,17,4,990.23,4,"Regular Customers"
17325,279,1,96.8,1,"Inactive Customers"
17329,13,2,523.11,2,"Occasional Customers"
17330,22,2,363.9,2,"Occasional Customers"
17331,123,1,175.2,1,"Inactive Customers"
17333,85,1,494.25,1,"Inactive Customers"
17334,301,2,307.02,1,"Inactive Customers"
17337,150,4,2027.87,4,"Regular Customers"
17338,16,8,6643.93,3,"High-Value Customers"
17339,93,2,243.36,1,"Inactive Customers"
17340,29,11,12353.29,3,"High-Value Customers"
17341,156,3,781.36,4,"Regular Customers"
17343,354,1,193.64,1,"Inactive Customers"
17344,45,1,160.57,1,"Inactive Customers"
17345,14,4,537.74,2,"Occasional Customers"
17346,3,15,2676.56,3,"High-Value Customers"
17347,85,1,228.96,1,"Inactive Customers"
17348,14,5,1159.52,4,"Regular Customers"
17349,178,1,110.75,1,"Inactive Customers"
17350,7,4,1286.07,2,"Occasional Customers"
17351,35,3,587.15,4,"Regular Customers"
17353,128,2,1740,4,"Regular Customers"
17354,50,1,1393.06,4,"Regular Customers"
17356,311,1,178.22,1,"Inactive Customers"
17357,23,2,388.14,2,"Occasional Customers"
17358,302,2,365.85,1,"Inactive Customers"
17359,10,1,127.86,2,"Occasional Customers"
17360,16,3,585.79,2,"Occasional Customers"
17361,48,3,488.2,4,"Regular Customers"
17362,238,2,312.23,1,"Inactive Customers"
17364,0,11,4481.18,3,"High-Value Customers"
17365,12,8,4801.56,3,"High-Value Customers"
17367,237,1,168.4,1,"Inactive Customers"
17368,22,8,1912.67,4,"Regular Customers"
17370,72,4,446.18,4,"Regular Customers"
17371,16,3,423.89,2,"Occasional Customers"
17372,40,8,1342.68,4,"Regular Customers"
17373,39,4,646.92,4,"Regular Customers"
17374,218,2,495.77,1,"Inactive Customers"
17375,198,3,400.1,1,"Inactive Customers"
17376,70,2,203.2,1,"Inactive Customers"
17377,23,20,4100.92,3,"High-Value Customers"
17379,10,1,404.66,2,"Occasional Customers"
17381,8,29,20275.61,3,"High-Value Customers"
17382,64,1,65.4,1,"Inactive Customers"
17383,3,1,199.29,2,"Occasional Customers"
17384,18,2,336.4,2,"Occasional Customers"
17385,14,1,261.11,2,"Occasional Customers"
17386,7,6,2686.42,3,"High-Value Customers"
17387,19,2,784.11,2,"Occasional Customers"
17388,77,4,1259.56,4,"Regular Customers"
17389,0,34,31833.68,3,"High-Value Customers"
17391,163,2,508.8,1,"Inactive Customers"
17392,306,2,457.91,1,"Inactive Customers"
17394,218,1,203.87,1,"Inactive Customers"
17396,38,8,7330.8,3,"High-Value Customers"
17397,21,2,696.41,2,"Occasional Customers"
17398,114,3,653.38,4,"Regular Customers"
17400,125,5,2129.96,4,"Regular Customers"
17402,4,13,2633.85,3,"High-Value Customers"
17403,35,1,281.62,2,"Occasional Customers"
17404,3,15,31906.82,3,"High-Value Customers"
17405,0,3,1031.41,2,"Occasional Customers"
17406,332,3,2200.42,4,"Regular Customers"
17408,162,1,32.65,1,"Inactive Customers"
17409,184,2,771.85,1,"Inactive Customers"
17410,15,5,1214.72,4,"Regular Customers"
17411,11,3,778.94,2,"Occasional Customers"
17412,2,7,1258.06,3,"High-Value Customers"
17414,43,2,778,4,"Regular Customers"
17415,79,1,507.84,1,"Inactive Customers"
17416,29,7,6893.42,3,"High-Value Customers"
17418,41,2,463.46,2,"Occasional Customers"
17419,10,12,4226.57,3,"High-Value Customers"
17420,49,3,598.83,4,"Regular Customers"
17422,15,6,1979.37,4,"Regular Customers"
17423,45,2,698.41,4,"Regular Customers"
17425,18,2,759.17,2,"Occasional Customers"
17426,7,6,5037.26,3,"High-Value Customers"
17427,71,1,100.8,1,"Inactive Customers"
17428,0,28,17256.85,3,"High-Value Customers"
17429,127,3,524.92,1,"Inactive Customers"
17430,32,2,265.76,2,"Occasional Customers"
17431,312,1,403.3,1,"Inactive Customers"
17432,17,2,365.76,2,"Occasional Customers"
17433,87,1,303.16,1,"Inactive Customers"
17434,1,7,2373.82,3,"High-Value Customers"
17436,1,2,216.3,2,"Occasional Customers"
17438,253,1,388.45,1,"Inactive Customers"
17440,156,3,186.42,1,"Inactive Customers"
17442,36,6,2248.56,4,"Regular Customers"
17443,219,1,534.24,1,"Inactive Customers"
17444,147,3,2940.04,4,"Regular Customers"
17446,176,2,120.9,1,"Inactive Customers"
17447,39,2,541.53,2,"Occasional Customers"
17449,1,7,2520.86,3,"High-Value Customers"
17450,7,46,194550.79,3,"High-Value Customers"
17451,0,7,1721.4,3,"High-Value Customers"
17453,17,2,486.72,2,"Occasional Customers"
17454,191,4,517.53,4,"Regular Customers"
17455,203,1,131.7,1,"Inactive Customers"
17456,364,1,249.86,1,"Inactive Customers"
17457,126,5,1737.7,4,"Regular Customers"
17458,14,1,316.5,2,"Occasional Customers"
17459,42,2,657.3,2,"Occasional Customers"
17460,93,6,622.43,4,"Regular Customers"
17461,22,3,757.46,2,"Occasional Customers"
17462,59,2,675.69,4,"Regular Customers"
17463,15,5,1896.41,4,"Regular Customers"
17464,157,1,289.96,1,"Inactive Customers"
17466,9,2,763.28,2,"Occasional Customers"
17468,9,2,137,2,"Occasional Customers"
17469,15,5,1870.97,4,"Regular Customers"
17470,44,5,1125.07,4,"Regular Customers"
17472,190,3,710.29,4,"Regular Customers"
17475,78,1,194.37,1,"Inactive Customers"
17480,77,1,511.82,1,"Inactive Customers"
17481,3,4,1255.59,2,"Occasional Customers"
17483,64,3,414.04,4,"Regular Customers"
17486,260,1,396.87,1,"Inactive Customers"
17489,58,2,376.64,1,"Inactive Customers"
17490,0,7,2092.32,3,"High-Value Customers"
17491,0,10,3558.87,3,"High-Value Customers"
17492,247,1,374.57,1,"Inactive Customers"
17495,7,2,497.56,2,"Occasional Customers"
17496,358,1,271.05,1,"Inactive Customers"
17498,75,1,272.22,1,"Inactive Customers"
17499,289,1,622.88,1,"Inactive Customers"
17500,16,3,1138,4,"Regular Customers"
17501,220,2,288.6,1,"Inactive Customers"
17502,8,4,689.1,2,"Occasional Customers"
17503,2,2,558.96,2,"Occasional Customers"
17504,205,9,2997.03,4,"Regular Customers"
17505,161,2,1145.84,4,"Regular Customers"
17506,75,1,302.2,1,"Inactive Customers"
17507,261,2,605.58,1,"Inactive Customers"
17508,280,1,387.31,1,"Inactive Customers"
17509,57,8,6115.14,4,"Regular Customers"
17510,24,1,308.48,2,"Occasional Customers"
17511,2,31,91062.38,3,"High-Value Customers"
17512,28,10,2924.99,3,"High-Value Customers"
17513,71,1,513.2,1,"Inactive Customers"
17514,127,1,208.65,1,"Inactive Customers"
17515,30,4,639.02,4,"Regular Customers"
17516,14,5,768.08,4,"Regular Customers"
17517,308,1,153.94,1,"Inactive Customers"
17519,16,6,1844.02,4,"Regular Customers"
17520,53,1,546.81,1,"Inactive Customers"
17521,29,3,723.21,4,"Regular Customers"
17522,1,5,1070.71,3,"High-Value Customers"
17523,10,4,652.74,2,"Occasional Customers"
17524,360,1,145,1,"Inactive Customers"
17525,359,1,422.7,1,"Inactive Customers"
17526,4,4,1195.9,2,"Occasional Customers"
17527,53,4,939.37,4,"Regular Customers"
17528,0,8,3628.5,3,"High-Value Customers"
17530,0,10,2385,3,"High-Value Customers"
17531,189,1,296.7,1,"Inactive Customers"
17534,53,1,223.36,1,"Inactive Customers"
17535,279,1,164.4,1,"Inactive Customers"
17536,176,1,76.5,1,"Inactive Customers"
17537,29,2,897.62,2,"Occasional Customers"
17538,25,1,98.42,2,"Occasional Customers"
17540,24,2,578.9,2,"Occasional Customers"
17542,269,1,170.75,1,"Inactive Customers"
17545,42,3,645.96,4,"Regular Customers"
17548,233,1,103.3,1,"Inactive Customers"
17549,23,2,148.86,2,"Occasional Customers"
17550,196,3,267.16,1,"Inactive Customers"
17551,358,1,306.84,1,"Inactive Customers"
17552,59,4,930.41,4,"Regular Customers"
17553,129,1,1487.6,1,"Inactive Customers"
17554,0,5,1952.45,3,"High-Value Customers"
17555,19,2,483.26,2,"Occasional Customers"
17556,205,1,157.9,1,"Inactive Customers"
17557,13,3,541.46,2,"Occasional Customers"
17560,94,4,854.95,4,"Regular Customers"
17561,18,1,167.62,2,"Occasional Customers"
17562,13,7,1122.38,4,"Regular Customers"
17564,23,3,454.01,2,"Occasional Customers"
17566,7,2,901.21,2,"Occasional Customers"
17567,6,8,4331.48,3,"High-Value Customers"
17569,331,1,344.14,1,"Inactive Customers"
17571,49,4,1498.51,4,"Regular Customers"
17572,70,4,226.75,1,"Inactive Customers"
17573,28,3,380.6,2,"Occasional Customers"
17574,242,1,185.65,1,"Inactive Customers"
17576,7,19,3622.68,3,"High-Value Customers"
17578,217,1,143.46,1,"Inactive Customers"
17579,4,3,448.9,2,"Occasional Customers"
17580,252,3,215.72,1,"Inactive Customers"
17581,0,25,11045.04,3,"High-Value Customers"
17582,235,1,175.27,1,"Inactive Customers"
17584,6,2,1242.3,2,"Occasional Customers"
17585,108,4,1133.07,4,"Regular Customers"
17588,99,3,1240.2,4,"Regular Customers"
17589,59,4,2404.17,4,"Regular Customers"
17590,1,3,1479.22,2,"Occasional Customers"
17591,72,7,2225.97,4,"Regular Customers"
17593,3,5,3927.34,3,"High-Value Customers"
17594,84,2,993.18,4,"Regular Customers"
17595,11,2,388.79,2,"Occasional Customers"
17596,22,7,2827.93,4,"Regular Customers"
17597,213,1,2044.37,1,"Inactive Customers"
17600,17,1,161.67,2,"Occasional Customers"
17601,238,1,116.01,1,"Inactive Customers"
17602,1,6,5102.97,3,"High-Value Customers"
17603,77,1,394.72,1,"Inactive Customers"
17604,216,2,309.36,1,"Inactive Customers"
17608,32,2,193.42,2,"Occasional Customers"
17609,40,5,1112.22,4,"Regular Customers"
17611,6,15,3984.22,3,"High-Value Customers"
17612,52,6,2048.45,4,"Regular Customers"
17613,22,14,4559.15,3,"High-Value Customers"
17614,56,1,390.07,1,"Inactive Customers"
17615,129,3,329.6,1,"Inactive Customers"
17616,173,3,571.2,1,"Inactive Customers"
17618,5,3,971.58,2,"Occasional Customers"
17619,311,1,218.52,1,"Inactive Customers"
17620,59,1,81.44,1,"Inactive Customers"
17621,20,3,1379.9,4,"Regular Customers"
17623,32,1,527.05,2,"Occasional Customers"
17624,14,2,843.48,2,"Occasional Customers"
17625,17,4,2047,4,"Regular Customers"
17628,80,1,75.75,1,"Inactive Customers"
17629,5,8,1814.12,3,"High-Value Customers"
17630,169,2,503.6,1,"Inactive Customers"
17631,1,3,528.33,2,"Occasional Customers"
17633,30,4,1324.84,4,"Regular Customers"
17634,35,9,2361.97,4,"Regular Customers"
17636,18,1,285.56,2,"Occasional Customers"
17637,30,2,547.06,2,"Occasional Customers"
17639,275,1,108.5,1,"Inactive Customers"
17640,86,1,621.66,1,"Inactive Customers"
17642,119,2,712.29,1,"Inactive Customers"
17643,372,1,101.55,1,"Inactive Customers"
17644,0,11,2895.64,3,"High-Value Customers"
17646,218,3,1008.39,4,"Regular Customers"
17647,64,1,133.06,1,"Inactive Customers"
17648,60,4,1797.5,4,"Regular Customers"
17649,137,1,868.49,1,"Inactive Customers"
17650,20,1,166.08,2,"Occasional Customers"
17651,11,10,3945,3,"High-Value Customers"
17652,24,12,4867.72,3,"High-Value Customers"
17653,36,4,1207.56,4,"Regular Customers"
17654,276,1,117.55,1,"Inactive Customers"
17655,10,7,2638.94,3,"High-Value Customers"
17656,72,5,1674.69,4,"Regular Customers"
17658,25,2,595.42,2,"Occasional Customers"
17659,16,12,2999.46,3,"High-Value Customers"
17660,140,1,196,1,"Inactive Customers"
17663,25,7,1802.91,4,"Regular Customers"
17664,18,2,604.64,2,"Occasional Customers"
17666,3,2,728.16,2,"Occasional Customers"
17667,65,5,2055.51,4,"Regular Customers"
17668,0,2,347.75,2,"Occasional Customers"
17669,42,7,3406.72,4,"Regular Customers"
17670,227,1,205.7,1,"Inactive Customers"
17671,15,4,1572.71,4,"Regular Customers"
17672,49,2,3178.17,4,"Regular Customers"
17673,1,6,1629.12,3,"High-Value Customers"
17674,73,2,551.04,1,"Inactive Customers"
17675,0,31,20374.28,3,"High-Value Customers"
17676,3,6,1387.68,3,"High-Value Customers"
17677,1,30,16363.23,3,"High-Value Customers"
17678,263,1,298.11,1,"Inactive Customers"
17679,52,2,1992.11,4,"Regular Customers"
17680,23,1,184.4,2,"Occasional Customers"
17682,9,6,2474.33,3,"High-Value Customers"
17684,43,1,239.41,1,"Inactive Customers"
17685,16,7,3191.53,3,"High-Value Customers"
17686,6,7,5739.46,3,"High-Value Customers"
17690,29,15,4757.95,3,"High-Value Customers"
17691,357,2,290.4,1,"Inactive Customers"
17692,126,4,740.94,4,"Regular Customers"
17693,136,1,200.47,1,"Inactive Customers"
17694,141,1,283.12,1,"Inactive Customers"
17695,131,2,765.34,1,"Inactive Customers"
17696,37,8,2285.71,4,"Regular Customers"
17697,235,1,338.95,1,"Inactive Customers"
17698,260,1,154.95,1,"Inactive Customers"
17700,16,4,2534.64,4,"Regular Customers"
17701,252,1,417.95,1,"Inactive Customers"
17702,29,4,1824.37,4,"Regular Customers"
17703,34,3,798.74,4,"Regular Customers"
17704,168,2,885.19,1,"Inactive Customers"
17705,2,9,1823.52,3,"High-Value Customers"
17706,3,17,10504.49,3,"High-Value Customers"
17707,184,2,152.4,1,"Inactive Customers"
17708,187,2,267.08,1,"Inactive Customers"
17709,169,1,137.45,1,"Inactive Customers"
17711,10,2,385.1,2,"Occasional Customers"
17712,44,1,522.91,1,"Inactive Customers"
17714,320,1,153,1,"Inactive Customers"
17715,200,1,326.4,1,"Inactive Customers"
17716,22,11,5655.99,3,"High-Value Customers"
17718,231,1,139.35,1,"Inactive Customers"
17719,37,15,5396.04,3,"High-Value Customers"
17720,25,4,1195.94,4,"Regular Customers"
17722,95,4,2424.04,4,"Regular Customers"
17723,126,6,3276.4,4,"Regular Customers"
17724,70,3,1033,4,"Regular Customers"
17725,15,11,3439.08,3,"High-Value Customers"
17727,14,1,1060.25,2,"Occasional Customers"
17728,3,3,2876.01,3,"High-Value Customers"
17730,2,13,5298.48,3,"High-Value Customers"
17731,78,4,1240.11,4,"Regular Customers"
17732,372,1,303.97,1,"Inactive Customers"
17733,38,2,692.19,2,"Occasional Customers"
17734,53,3,700.63,4,"Regular Customers"
17735,1,19,13110.02,3,"High-Value Customers"
17736,8,3,377.44,2,"Occasional Customers"
17737,8,2,168.24,2,"Occasional Customers"
17738,18,4,1879.05,4,"Regular Customers"
17739,11,7,2791.35,3,"High-Value Customers"
17742,112,2,355.11,1,"Inactive Customers"
17744,3,6,2322.4,3,"High-Value Customers"
17746,239,1,110.25,1,"Inactive Customers"
17747,112,1,71.4,1,"Inactive Customers"
17749,177,2,674.52,1,"Inactive Customers"
17750,4,9,1797.57,3,"High-Value Customers"
17752,358,1,80.64,1,"Inactive Customers"
17754,0,5,1772.26,3,"High-Value Customers"
17757,0,30,5605.29,3,"High-Value Customers"
17758,18,8,3456.7,3,"High-Value Customers"
17759,16,3,834.99,2,"Occasional Customers"
17760,21,2,287.59,2,"Occasional Customers"
17761,32,1,712.78,2,"Occasional Customers"
17763,262,1,15,1,"Inactive Customers"
17764,50,2,818.82,4,"Regular Customers"
17765,158,3,371.88,1,"Inactive Customers"
17767,14,1,271.2,2,"Occasional Customers"
17768,7,3,2273.18,4,"Regular Customers"
17769,12,10,3997.98,3,"High-Value Customers"
17770,198,5,1143.27,4,"Regular Customers"
17771,56,2,245.81,1,"Inactive Customers"
17772,10,2,182.77,2,"Occasional Customers"
17774,96,4,1225.41,4,"Regular Customers"
17775,254,1,56.4,1,"Inactive Customers"
17777,24,3,665.86,2,"Occasional Customers"
17779,20,3,658.57,2,"Occasional Customers"
17781,158,2,188.02,1,"Inactive Customers"
17783,71,2,283.47,1,"Inactive Customers"
17785,52,1,131.94,1,"Inactive Customers"
17786,84,2,278.74,1,"Inactive Customers"
17787,152,4,1865.19,4,"Regular Customers"
17788,73,2,1117.9,4,"Regular Customers"
17789,280,1,225.9,1,"Inactive Customers"
17790,26,14,1965.55,3,"High-Value Customers"
17791,29,1,106.1,1,"Inactive Customers"
17793,24,1,323.04,2,"Occasional Customers"
17795,179,2,350.39,1,"Inactive Customers"
17796,39,4,697.9,4,"Regular Customers"
17797,21,3,780.43,2,"Occasional Customers"
17799,21,10,3055.93,3,"High-Value Customers"
17800,36,9,1199.01,4,"Regular Customers"
17802,81,3,1285.04,4,"Regular Customers"
17805,73,1,512.31,1,"Inactive Customers"
17806,10,1,546.04,2,"Occasional Customers"
17809,15,12,5411.91,3,"High-Value Customers"
17811,3,39,7837.73,3,"High-Value Customers"
17812,12,4,732.16,2,"Occasional Customers"
17813,13,5,1770.88,4,"Regular Customers"
17816,36,4,36.56,1,"Inactive Customers"
17817,3,3,387.68,2,"Occasional Customers"
17819,71,7,3704.87,4,"Regular Customers"
17824,50,1,298.4,1,"Inactive Customers"
17827,4,5,1995.46,3,"High-Value Customers"
17828,22,4,1820.09,4,"Regular Customers"
17829,298,1,889.24,1,"Inactive Customers"
17830,1,3,398.7,2,"Occasional Customers"
17831,32,1,35.4,1,"Inactive Customers"
17832,49,1,155.37,1,"Inactive Customers"
17835,2,3,350.64,2,"Occasional Customers"
17836,46,1,110.21,1,"Inactive Customers"
17837,41,8,1593.38,4,"Regular Customers"
17838,26,5,2779.3,4,"Regular Customers"
17839,41,1,338.8,1,"Inactive Customers"
17841,1,124,40991.57,3,"High-Value Customers"
17843,302,1,205.48,1,"Inactive Customers"
17844,106,1,51.56,1,"Inactive Customers"
17846,84,1,2033.1,4,"Regular Customers"
17848,80,9,901.2,4,"Regular Customers"
17849,217,4,605.8,4,"Regular Customers"
17850,371,34,5391.21,3,"High-Value Customers"
17852,11,2,114.34,2,"Occasional Customers"
17854,184,2,311.26,1,"Inactive Customers"
17855,372,1,208.97,1,"Inactive Customers"
17856,1,4,1418.03,3,"High-Value Customers"
17857,3,23,26879.04,3,"High-Value Customers"
17858,5,12,5155.66,3,"High-Value Customers"
17859,304,1,148.21,1,"Inactive Customers"
17860,368,1,252.8,1,"Inactive Customers"
17861,2,8,2100.8,3,"High-Value Customers"
17862,323,1,330.9,1,"Inactive Customers"
17863,58,6,3160,4,"Regular Customers"
17864,12,3,597.5,2,"Occasional Customers"
17865,30,20,10526.32,3,"High-Value Customers"
17866,142,1,329.65,1,"Inactive Customers"
17867,29,6,1197.1,4,"Regular Customers"
17869,106,5,428.18,4,"Regular Customers"
17870,1,12,1894.35,3,"High-Value Customers"
17871,204,1,155.9,1,"Inactive Customers"
17873,79,5,1859.16,4,"Regular Customers"
17874,184,6,683.46,4,"Regular Customers"
17877,169,1,237.61,1,"Inactive Customers"
17878,43,1,379.45,1,"Inactive Customers"
17879,173,1,178.52,1,"Inactive Customers"
17880,364,1,458.92,1,"Inactive Customers"
17881,303,1,133.35,1,"Inactive Customers"
17883,2,4,671.77,2,"Occasional Customers"
17884,3,4,717.45,2,"Occasional Customers"
17885,11,1,190.19,2,"Occasional Customers"
17886,31,3,899.61,4,"Regular Customers"
17887,128,1,111.35,1,"Inactive Customers"
17888,20,8,726.05,4,"Regular Customers"
17889,211,2,203.87,1,"Inactive Customers"
17890,322,2,602.09,1,"Inactive Customers"
17891,161,1,203.86,1,"Inactive Customers"
17892,55,3,244.1,1,"Inactive Customers"
17893,224,1,112.25,1,"Inactive Customers"
17894,71,8,1119.81,4,"Regular Customers"
17895,43,1,98,1,"Inactive Customers"
17896,22,1,256.32,2,"Occasional Customers"
17897,172,3,566.6,1,"Inactive Customers"
17898,84,2,152.06,1,"Inactive Customers"
17899,158,1,155.8,1,"Inactive Customers"
17900,189,2,112.2,1,"Inactive Customers"
17901,28,1,110.38,2,"Occasional Customers"
17904,20,1,191.67,2,"Occasional Customers"
17905,70,4,800.24,4,"Regular Customers"
17906,246,1,72.9,1,"Inactive Customers"
17908,373,1,243.28,1,"Inactive Customers"
17911,8,1,366.23,2,"Occasional Customers"
17912,309,5,311.01,1,"Inactive Customers"
17913,58,2,411.6,1,"Inactive Customers"
17914,3,1,336.43,2,"Occasional Customers"
17917,44,3,341.28,2,"Occasional Customers"
17919,87,1,1304.04,1,"Inactive Customers"
17920,3,17,4204.1,3,"High-Value Customers"
17921,63,4,826.52,4,"Regular Customers"
17923,281,1,207.5,1,"Inactive Customers"
17924,11,7,2962.5,3,"High-Value Customers"
17925,372,1,244.08,1,"Inactive Customers"
17926,132,2,397.29,1,"Inactive Customers"
17928,44,2,212.54,1,"Inactive Customers"
17929,10,4,843,2,"Occasional Customers"
17930,35,5,1740.48,4,"Regular Customers"
17931,133,2,408.36,1,"Inactive Customers"
17932,28,3,1331.57,4,"Regular Customers"
17934,51,2,704.25,4,"Regular Customers"
17935,137,2,145.79,1,"Inactive Customers"
17936,4,1,389.84,2,"Occasional Customers"
17937,8,7,4301.22,3,"High-Value Customers"
17939,159,1,99.14,1,"Inactive Customers"
17940,48,10,4106.44,3,"High-Value Customers"
17941,130,1,304.56,1,"Inactive Customers"
17942,7,1,77.5,2,"Occasional Customers"
17946,232,2,149.58,1,"Inactive Customers"
17947,36,1,176.68,1,"Inactive Customers"
17948,146,1,358.56,1,"Inactive Customers"
17949,0,45,58510.48,3,"High-Value Customers"
17950,71,3,482.2,4,"Regular Customers"
17951,39,3,1008.54,4,"Regular Customers"
17954,4,12,2332.72,3,"High-Value Customers"
17955,198,4,557.3,4,"Regular Customers"
17956,248,1,12.75,1,"Inactive Customers"
17957,65,1,111.68,1,"Inactive Customers"
17958,116,1,508.46,1,"Inactive Customers"
17960,170,1,73.78,1,"Inactive Customers"
17961,20,39,1296.44,3,"High-Value Customers"
17962,141,1,102.83,1,"Inactive Customers"
17964,31,2,471.7,2,"Occasional Customers"
17965,37,14,2622.57,3,"High-Value Customers"
17966,37,5,1098.43,4,"Regular Customers"
17967,371,1,123.07,1,"Inactive Customers"
17968,373,1,277.35,1,"Inactive Customers"
17969,165,2,228.2,1,"Inactive Customers"
17970,210,1,582.59,1,"Inactive Customers"
17972,241,1,136.04,1,"Inactive Customers"
17973,51,1,337.04,1,"Inactive Customers"
17974,24,3,740.79,2,"Occasional Customers"
17975,14,13,4488.81,3,"High-Value Customers"
17976,371,1,353.19,1,"Inactive Customers"
17977,28,1,288.14,2,"Occasional Customers"
17978,364,1,300.92,1,"Inactive Customers"
17979,35,4,757.71,4,"Regular Customers"
17980,165,3,811.45,4,"Regular Customers"
17984,144,1,152.68,1,"Inactive Customers"
17985,21,1,634.95,2,"Occasional Customers"
17986,55,1,20.8,1,"Inactive Customers"
17987,184,1,198.57,1,"Inactive Customers"
17988,11,7,201.12,2,"Occasional Customers"
17990,236,3,630.84,1,"Inactive Customers"
17991,224,2,93.35,1,"Inactive Customers"
17994,121,4,678.49,4,"Regular Customers"
17995,281,1,76.1,1,"Inactive Customers"
17997,73,8,1970.67,4,"Regular Customers"
17999,36,2,382.06,2,"Occasional Customers"
18001,11,2,417.23,2,"Occasional Customers"
18004,361,1,169.47,1,"Inactive Customers"
18005,3,2,249.72,2,"Occasional Customers"
18006,22,1,444.68,2,"Occasional Customers"
18008,69,9,2116.19,4,"Regular Customers"
18009,234,1,257.34,1,"Inactive Customers"
18010,256,1,174.8,1,"Inactive Customers"
18011,372,1,102.79,1,"Inactive Customers"
18013,154,2,187.29,1,"Inactive Customers"
18014,27,1,166.42,2,"Occasional Customers"
18015,3,1,120.03,2,"Occasional Customers"
18016,31,5,1483.56,4,"Regular Customers"
18017,80,3,523,4,"Regular Customers"
18018,107,2,122.14,1,"Inactive Customers"
18019,51,1,38.45,1,"Inactive Customers"
18022,35,1,668.11,2,"Occasional Customers"
18024,152,2,389.78,1,"Inactive Customers"
18027,98,1,115.31,1,"Inactive Customers"
18030,3,2,230.65,2,"Occasional Customers"
18032,333,1,73.5,1,"Inactive Customers"
18033,64,1,97.97,1,"Inactive Customers"
18034,21,2,422.88,2,"Occasional Customers"
18035,35,3,730.4,4,"Regular Customers"
18036,31,3,405.62,2,"Occasional Customers"
18037,153,6,70.02,1,"Inactive Customers"
18040,18,2,357.2,2,"Occasional Customers"
18041,11,21,4183.39,3,"High-Value Customers"
18042,53,1,165.05,1,"Inactive Customers"
18043,24,3,559.51,2,"Occasional Customers"
18044,3,10,2088.6,3,"High-Value Customers"
18045,44,1,189.4,1,"Inactive Customers"
18048,202,2,172.29,1,"Inactive Customers"
18050,358,1,74.4,1,"Inactive Customers"
18053,70,1,300.02,1,"Inactive Customers"
18055,6,10,6784.19,3,"High-Value Customers"
18056,287,1,363.65,1,"Inactive Customers"
18058,9,1,170.16,2,"Occasional Customers"
18059,22,3,306.46,2,"Occasional Customers"
18061,21,10,2119.41,3,"High-Value Customers"
18062,172,3,720.52,4,"Regular Customers"
18064,132,2,814,1,"Inactive Customers"
18065,5,14,2392.83,3,"High-Value Customers"
18066,74,1,318,1,"Inactive Customers"
18067,39,1,396.33,2,"Occasional Customers"
18068,288,1,101.7,1,"Inactive Customers"
18069,25,5,2036.67,4,"Regular Customers"
18071,257,2,453,1,"Inactive Customers"
18072,185,1,247.44,1,"Inactive Customers"
18073,113,12,3877.52,4,"Regular Customers"
18074,373,1,489.6,1,"Inactive Customers"
18075,22,10,2611.75,3,"High-Value Customers"
18077,7,11,2633.01,3,"High-Value Customers"
18078,216,2,336.13,1,"Inactive Customers"
18079,44,4,3651.97,4,"Regular Customers"
18080,18,2,1231.5,2,"Occasional Customers"
18081,35,3,343.45,2,"Occasional Customers"
18082,25,1,703.37,2,"Occasional Customers"
18084,15,1,90.48,2,"Occasional Customers"
18085,329,2,689.95,1,"Inactive Customers"
18086,273,1,101.34,1,"Inactive Customers"
18087,97,2,4055.72,4,"Regular Customers"
18088,60,1,167.67,1,"Inactive Customers"
18092,1,11,9068.26,3,"High-Value Customers"
18093,92,4,2106.52,4,"Regular Customers"
18094,81,7,3017.3,4,"Regular Customers"
18095,312,2,580.05,1,"Inactive Customers"
18096,11,3,911.15,2,"Occasional Customers"
18097,7,6,2697.8,3,"High-Value Customers"
18099,126,1,168.31,1,"Inactive Customers"
18101,10,2,223.65,2,"Occasional Customers"
18102,0,60,259657.3,3,"High-Value Customers"
18104,36,1,754.64,2,"Occasional Customers"
18105,37,1,113.48,1,"Inactive Customers"
18106,329,1,430.7,1,"Inactive Customers"
18108,253,1,271,1,"Inactive Customers"
18109,1,26,8052.97,3,"High-Value Customers"
18110,19,1,236.3,2,"Occasional Customers"
18112,11,2,352.69,2,"Occasional Customers"
18113,368,1,76.32,1,"Inactive Customers"
18114,289,1,220.1,1,"Inactive Customers"
18116,67,8,1418.03,4,"Regular Customers"
18117,25,1,320.72,2,"Occasional Customers"
18118,10,26,5653.82,3,"High-Value Customers"
18119,367,1,181.12,1,"Inactive Customers"
18120,213,1,111.15,1,"Inactive Customers"
18121,148,2,673.1,1,"Inactive Customers"
18122,7,6,1826.21,3,"High-Value Customers"
18123,23,2,589.44,2,"Occasional Customers"
18125,29,4,1142.99,4,"Regular Customers"
18126,60,1,206.83,1,"Inactive Customers"
18127,18,3,348.73,2,"Occasional Customers"
18129,242,1,112.55,1,"Inactive Customers"
18130,14,3,1059.39,2,"Occasional Customers"
18133,211,1,931.5,1,"Inactive Customers"
18135,28,5,681.91,4,"Regular Customers"
18136,62,3,784.33,4,"Regular Customers"
18138,294,1,152.65,1,"Inactive Customers"
18139,17,6,8438.34,3,"High-Value Customers"
18142,156,2,1019.52,4,"Regular Customers"
18143,116,2,1000.16,4,"Regular Customers"
18144,7,12,2888.75,3,"High-Value Customers"
18145,12,4,2861.55,4,"Regular Customers"
18146,140,2,160.35,1,"Inactive Customers"
18147,45,2,179.34,1,"Inactive Customers"
18149,50,3,612.08,4,"Regular Customers"
18150,31,3,566.58,2,"Occasional Customers"
18151,134,2,653.35,1,"Inactive Customers"
18154,2,2,399.19,2,"Occasional Customers"
18155,74,3,371.62,1,"Inactive Customers"
18156,12,2,734.94,2,"Occasional Customers"
18158,8,2,453.4,2,"Occasional Customers"
18159,300,1,530.15,1,"Inactive Customers"
18160,56,2,638.06,4,"Regular Customers"
18161,14,5,1618.69,4,"Regular Customers"
18164,36,1,399.65,2,"Occasional Customers"
18165,176,1,302.46,1,"Inactive Customers"
18167,22,3,1384.86,4,"Regular Customers"
18168,175,6,1169.94,4,"Regular Customers"
18169,60,1,202.65,1,"Inactive Customers"
18170,32,3,980.31,4,"Regular Customers"
18171,58,5,1231.31,4,"Regular Customers"
18172,14,20,7561.68,3,"High-Value Customers"
18173,86,4,2106.84,4,"Regular Customers"
18174,6,1,104,2,"Occasional Customers"
18176,357,1,476.35,1,"Inactive Customers"
18177,30,6,1341.42,4,"Regular Customers"
18178,128,4,1590.81,4,"Regular Customers"
18179,8,6,1793.17,3,"High-Value Customers"
18180,4,6,1843.75,3,"High-Value Customers"
18181,23,1,382.8,2,"Occasional Customers"
18183,226,2,632.07,1,"Inactive Customers"
18184,14,1,49.8,2,"Occasional Customers"
18185,248,1,304.25,1,"Inactive Customers"
18188,14,3,2001.04,4,"Regular Customers"
18189,77,2,1090.24,4,"Regular Customers"
18190,191,2,284.46,1,"Inactive Customers"
18191,261,1,207.8,1,"Inactive Customers"
18192,71,1,957.97,1,"Inactive Customers"
18193,164,1,243.76,1,"Inactive Customers"
18194,81,1,973.84,1,"Inactive Customers"
18196,94,2,689.13,1,"Inactive Customers"
18198,3,17,5425.56,3,"High-Value Customers"
18200,105,1,163.8,1,"Inactive Customers"
18202,199,3,1396.99,4,"Regular Customers"
18203,156,1,160.42,1,"Inactive Customers"
18204,70,3,1993.7,4,"Regular Customers"
18205,35,2,517.36,2,"Occasional Customers"
18209,28,1,139.1,2,"Occasional Customers"
18210,1,6,2621.38,3,"High-Value Customers"
18211,25,5,600.07,4,"Regular Customers"
18212,325,1,248.42,1,"Inactive Customers"
18213,236,1,232.48,1,"Inactive Customers"
18215,88,1,299.34,1,"Inactive Customers"
18216,30,1,481.75,2,"Occasional Customers"
18217,28,2,621.75,2,"Occasional Customers"
18218,210,2,662.08,1,"Inactive Customers"
18219,2,10,2069.77,3,"High-Value Customers"
18220,226,1,305.28,1,"Inactive Customers"
18221,21,5,1041.61,4,"Regular Customers"
18222,92,1,443,1,"Inactive Customers"
18223,4,14,6484.54,3,"High-Value Customers"
18224,263,1,158.95,1,"Inactive Customers"
18225,2,12,5509.12,3,"High-Value Customers"
18226,43,11,5228.05,3,"High-Value Customers"
18227,217,1,93.75,1,"Inactive Customers"
18228,56,2,779.9,4,"Regular Customers"
18229,11,20,7276.9,3,"High-Value Customers"
18230,8,7,2810.2,3,"High-Value Customers"
18231,191,5,2083.27,4,"Regular Customers"
18232,81,4,592.97,4,"Regular Customers"
18233,325,1,440,1,"Inactive Customers"
18235,71,3,1796.48,4,"Regular Customers"
18236,29,6,882.24,4,"Regular Customers"
18237,2,5,987.1,2,"Occasional Customers"
18239,218,5,1561.61,4,"Regular Customers"
18240,45,1,422.58,1,"Inactive Customers"
18241,9,17,2073.09,3,"High-Value Customers"
18242,71,4,2232.49,4,"Regular Customers"
18245,6,7,2567.06,3,"High-Value Customers"
18246,23,2,596.1,2,"Occasional Customers"
18248,122,2,804.02,1,"Inactive Customers"
18249,16,1,95.34,2,"Occasional Customers"
18250,309,1,349.27,1,"Inactive Customers"
18251,86,1,4314.72,4,"Regular Customers"
18252,50,2,526.67,2,"Occasional Customers"
18255,88,1,103.3,1,"Inactive Customers"
18257,38,8,2337.63,4,"Regular Customers"
18259,24,3,2338.6,4,"Regular Customers"
18260,172,6,2643.2,4,"Regular Customers"
18261,42,2,324.24,2,"Occasional Customers"
18262,139,1,149.48,1,"Inactive Customers"
18263,25,3,1213.16,4,"Regular Customers"
18265,71,2,801.51,4,"Regular Customers"
18268,133,1,25.5,1,"Inactive Customers"
18269,365,1,168.6,1,"Inactive Customers"
18270,37,2,283.15,2,"Occasional Customers"
18272,2,6,3078.58,3,"High-Value Customers"
18273,1,3,204,2,"Occasional Customers"
18274,29,1,175.92,2,"Occasional Customers"
18276,43,1,335.86,1,"Inactive Customers"
18277,57,1,110.38,1,"Inactive Customers"
18278,73,1,173.9,1,"Inactive Customers"
18280,277,1,180.6,1,"Inactive Customers"
18281,180,1,80.82,1,"Inactive Customers"
18282,7,2,178.05,2,"Occasional Customers"
18283,3,16,2094.88,3,"High-Value Customers"
18287,42,3,1837.28,4,"Regular Customers"
